"","mat_ori$id","Resource.Acquisition.Substrate.degradation.complex.carbohydrate.depolymerization.cellulose.breakdown","Resource.Acquisition.Substrate.degradation.complex.carbohydrate.depolymerization.chitin.breakdown","Resource.Acquisition.Substrate.degradation.complex.carbohydrate.depolymerization.heteromannan.breakdown","Resource.Acquisition.Substrate.degradation.complex.carbohydrate.depolymerization.mixed.linkage.glucan.breakdown","Resource.Acquisition.Substrate.degradation.complex.carbohydrate.depolymerization.xylan.and.heteroxylan.breakdown","Resource.Acquisition.Substrate.degradation.complex.carbohydrate.depolymerization.xyloglucan.breakdown","Resource.Acquisition.Substrate.degradation.simple.compound.degradation.protein.degradation"
"1","grassAmbDry1_bin.1.orig",7.80608285103125e-07,7.80608285103125e-07,1.95152071275781e-07,3.90304142551563e-07,1.95152071275781e-06,1.17091242765469e-06,4.48849763934297e-06
"2","grassAmbDry1_bin.10.strict",5.25855527504085e-07,5.25855527504085e-07,0,0,7.88783291256127e-07,7.88783291256127e-07,7.36197738505718e-06
"3","grassAmbDry1_bin.11.orig",9.26780337304793e-07,6.17853558203195e-07,3.08926779101598e-07,3.08926779101598e-07,2.16248745371118e-06,9.26780337304793e-07,7.41424269843834e-06
"4","grassAmbDry1_bin.12.orig",1.06058634869817e-06,1.06058634869817e-06,3.53528782899389e-07,3.53528782899389e-07,1.76764391449694e-06,3.53528782899389e-07,7.77763322378655e-06
"5","grassAmbDry1_bin.14.orig",1.63383208780867e-06,1.2253740658565e-06,4.08458021952168e-07,8.16916043904336e-07,3.67612219756951e-06,8.16916043904336e-07,7.76070241709119e-06
"6","grassAmbDry1_bin.15.strict",7.32073532393888e-07,7.32073532393888e-07,2.44024510797963e-07,4.88049021595925e-07,1.46414706478778e-06,2.44024510797963e-07,1.19572010291002e-05
"7","grassAmbDry1_bin.16.orig",7.3901336542622e-07,1.10852004813933e-06,3.6950668271311e-07,3.6950668271311e-07,1.47802673085244e-06,3.6950668271311e-07,7.3901336542622e-06
"8","grassAmbDry1_bin.17.orig",1.07771511463117e-06,1.07771511463117e-06,3.59238371543723e-07,3.59238371543723e-07,2.51466860080606e-06,7.18476743087445e-07,6.46629068778701e-06
"9","grassAmbDry1_bin.18.strict",1.33067508806574e-06,1.33067508806574e-06,6.6533754403287e-07,9.98006316049305e-07,2.99401894814792e-06,9.98006316049305e-07,7.98405052839444e-06
"10","grassAmbDry1_bin.19.orig",4.12652418328865e-07,4.12652418328865e-07,2.06326209164433e-07,4.12652418328865e-07,1.03163104582216e-06,4.12652418328865e-07,5.77713385660411e-06
"11","grassAmbDry1_bin.2.orig",1.83381509183975e-06,4.58453772959938e-07,4.58453772959938e-07,4.58453772959938e-07,3.6676301836795e-06,9.16907545919876e-07,7.79371414031895e-06
"12","grassAmbDry1_bin.20.orig",1.35742921006669e-06,4.52476403355565e-07,4.52476403355565e-07,1.35742921006669e-06,1.80990561342226e-06,1.80990561342226e-06,7.69209885704461e-06
"13","grassAmbDry1_bin.21.orig",1.3860276401632e-06,1.3860276401632e-06,9.24018426775467e-07,1.3860276401632e-06,2.7720552803264e-06,9.24018426775467e-07,7.85415662759147e-06
"14","grassAmbDry1_bin.3.orig",1.3662760711092e-06,1.0247070533319e-06,1.0247070533319e-06,1.3662760711092e-06,2.73255214221841e-06,1.0247070533319e-06,5.46510428443682e-06
"15","grassAmbDry1_bin.4.orig",1.25616652145382e-06,7.5369991287229e-07,2.51233304290763e-07,5.02466608581527e-07,2.26109973861687e-06,1.25616652145382e-06,6.53206591155985e-06
"16","grassAmbDry1_bin.5.orig",1.87008238460937e-06,1.4960659076875e-06,3.74016476921874e-07,1.12204943076562e-06,2.99213181537499e-06,1.12204943076562e-06,7.48032953843749e-06
"17","grassAmbDry1_bin.6.orig",4.31953127902185e-07,4.31953127902185e-07,2.15976563951093e-07,2.15976563951093e-07,8.6390625580437e-07,0,5.39941409877731e-06
"18","grassAmbDry1_bin.7.permissive",2.25127534748435e-06,1.12563767374217e-06,7.50425115828117e-07,1.87606278957029e-06,3.37691302122652e-06,1.87606278957029e-06,6.75382604245305e-06
"19","grassAmbDry1_bin.8.orig",2.33030070588692e-06,7.76766901962307e-07,7.76766901962307e-07,1.16515035294346e-06,3.88383450981154e-06,1.16515035294346e-06,5.048984862755e-06
"20","grassAmbDry1_bin.9.strict",8.63703300642163e-07,1.29555495096325e-06,4.31851650321082e-07,4.31851650321082e-07,1.72740660128433e-06,4.31851650321082e-07,1.64103627122011e-05
"21","grassAmbDry2_bin.1.orig",1.5880817639777e-06,1.5880817639777e-06,7.9404088198885e-07,1.5880817639777e-06,2.77914308696098e-06,1.19106132298328e-06,8.33742926088293e-06
"22","grassAmbDry2_bin.10.orig",6.23382517174968e-07,6.23382517174968e-07,3.11691258587484e-07,3.11691258587484e-07,1.55845629293742e-06,3.11691258587484e-07,6.23382517174968e-06
"23","grassAmbDry2_bin.13.orig",7.75028278844324e-07,3.87514139422162e-07,3.87514139422162e-07,3.87514139422162e-07,1.93757069711081e-06,3.87514139422162e-07,6.20022623075459e-06
"24","grassAmbDry2_bin.14.orig",1.80058437966042e-06,9.00292189830209e-07,4.50146094915105e-07,1.35043828474531e-06,2.70087656949063e-06,1.80058437966042e-06,4.50146094915105e-06
"25","grassAmbDry2_bin.15.orig",6.3508676555391e-07,6.3508676555391e-07,0,0,9.52630148330865e-07,3.17543382776955e-07,7.62104118664692e-06
"26","grassAmbDry2_bin.16.orig",1.76635794655001e-06,1.17757196436667e-06,5.88785982183336e-07,1.17757196436667e-06,2.64953691982501e-06,1.76635794655001e-06,6.77103879510837e-06
"27","grassAmbDry2_bin.17.orig",1.18304647085407e-06,1.18304647085407e-06,7.88697647236048e-07,1.18304647085407e-06,1.97174411809012e-06,1.18304647085407e-06,5.91523235427036e-06
"28","grassAmbDry2_bin.19.orig",1.22523593960077e-06,1.63364791946769e-06,4.08411979866923e-07,8.16823959733846e-07,2.45047187920154e-06,1.22523593960077e-06,8.16823959733846e-06
"29","grassAmbDry2_bin.2.orig",5.07709312048805e-07,7.61563968073208e-07,5.07709312048805e-07,2.53854656024403e-07,1.26927328012201e-06,0,6.85407571265887e-06
"30","grassAmbDry2_bin.20.orig",1.54320701875243e-06,1.23456561500195e-06,6.17282807500974e-07,9.25924211251461e-07,2.46913123000389e-06,1.54320701875243e-06,8.33331790126315e-06
"31","grassAmbDry2_bin.21.orig",2.13471207270402e-06,1.06735603635201e-06,1.06735603635201e-06,1.60103405452802e-06,3.20206810905604e-06,0,9.0725263089921e-06
"32","grassAmbDry2_bin.22.orig",1.17798626389484e-06,7.85324175929893e-07,3.92662087964946e-07,3.92662087964946e-07,3.14129670371957e-06,1.17798626389484e-06,5.88993131947419e-06
"33","grassAmbDry2_bin.23.orig",1.6553173967651e-06,1.24148804757382e-06,8.27658698382548e-07,1.6553173967651e-06,2.89680544433892e-06,2.06914674595637e-06,5.79361088867784e-06
"34","grassAmbDry2_bin.24.orig",1.00406344476095e-06,1.00406344476095e-06,3.34687814920316e-07,6.69375629840632e-07,2.0081268895219e-06,6.69375629840632e-07,5.68969285364537e-06
"35","grassAmbDry2_bin.25.strict",6.30991461108053e-07,6.30991461108053e-07,6.30991461108053e-07,9.46487191662079e-07,2.20847011387818e-06,6.30991461108053e-07,5.67892314997247e-06
"36","grassAmbDry2_bin.26.orig",5.86573909779067e-07,2.93286954889533e-07,2.93286954889533e-07,8.798608646686e-07,2.34629563911627e-06,8.798608646686e-07,5.2791651880116e-06
"37","grassAmbDry2_bin.27.orig",9.60658166122774e-07,7.68526532898219e-07,1.92131633224555e-07,5.76394899673664e-07,2.1134479654701e-06,7.68526532898219e-07,4.99542246383842e-06
"38","grassAmbDry2_bin.28.orig",9.91820784596362e-07,1.32242771279515e-06,6.61213856397575e-07,9.91820784596362e-07,2.97546235378909e-06,1.65303464099394e-06,8.59578013316847e-06
"39","grassAmbDry2_bin.29.permissive",1.5595312049198e-06,1.03968746994653e-06,2.59921867486634e-07,1.03968746994653e-06,3.37898427732624e-06,1.03968746994653e-06,5.4583592172193e-06
"40","grassAmbDry2_bin.3.orig",1.85985473790555e-06,1.11591284274333e-06,7.4394189516222e-07,1.85985473790555e-06,2.60379663306777e-06,1.48788379032444e-06,8.92730274194664e-06
"41","grassAmbDry2_bin.30.strict",1.37636492389046e-06,6.8818246194523e-07,4.58788307963487e-07,1.14697076990872e-06,2.98212400176266e-06,1.14697076990872e-06,6.19364215750707e-06
"42","grassAmbDry2_bin.31.orig",4.17568789238417e-07,4.17568789238417e-07,2.08784394619209e-07,2.08784394619209e-07,8.35137578476834e-07,0,6.05474744395705e-06
"43","grassAmbDry2_bin.32.orig",9.65310831294315e-07,7.23983123470736e-07,2.41327707823579e-07,2.41327707823579e-07,2.17194937041221e-06,7.23983123470736e-07,6.03319269558947e-06
"44","grassAmbDry2_bin.34.orig",1.27799882424108e-06,4.25999608080361e-07,4.25999608080361e-07,4.25999608080361e-07,2.1299980404018e-06,0,6.81599372928577e-06
"45","grassAmbDry2_bin.35.orig",1.33127739727281e-06,6.65638698636406e-07,3.32819349318203e-07,6.65638698636406e-07,2.66255479454562e-06,9.98458047954609e-07,5.99074828772765e-06
"46","grassAmbDry2_bin.36.orig",1.39383312472298e-06,1.39383312472298e-06,4.64611041574325e-07,4.64611041574325e-07,3.25227729102028e-06,1.8584441662973e-06,8.82760978991218e-06
"47","grassAmbDry2_bin.37.orig",1.84304165765624e-06,6.14347219218747e-07,6.14347219218747e-07,6.14347219218747e-07,2.45738887687499e-06,6.14347219218747e-07,1.04439027267187e-05
"48","grassAmbDry2_bin.38.orig",8.54634070109295e-07,6.10452907220925e-07,3.66271744332555e-07,3.66271744332555e-07,9.76724651553481e-07,6.10452907220925e-07,4.27317035054648e-06
"49","grassAmbDry2_bin.39.orig",5.79871164224733e-07,5.79871164224733e-07,3.86580776149822e-07,3.86580776149822e-07,1.7396134926742e-06,7.73161552299643e-07,5.02555008994768e-06
"50","grassAmbDry2_bin.4.orig",4.09063706354437e-07,4.09063706354437e-07,2.04531853177218e-07,4.09063706354437e-07,1.02265926588609e-06,4.09063706354437e-07,5.72689188896211e-06
"51","grassAmbDry2_bin.40.orig",1.26141621090122e-06,1.26141621090122e-06,3.15354052725305e-07,9.46062158175916e-07,2.52283242180244e-06,9.46062158175916e-07,7.56849726540733e-06
"52","grassAmbDry2_bin.5.orig",1.32507809679033e-06,1.32507809679033e-06,6.62539048395165e-07,9.93808572592747e-07,2.98142571777824e-06,1.32507809679033e-06,6.62539048395165e-06
"53","grassAmbDry2_bin.6.orig",2.39282077198141e-06,1.43569246318885e-06,9.57128308792564e-07,1.91425661758513e-06,4.78564154396282e-06,1.43569246318885e-06,6.69989816154794e-06
"54","grassAmbDry2_bin.7.orig",9.31540469844172e-07,6.21026979896115e-07,3.10513489948057e-07,6.21026979896115e-07,1.86308093968834e-06,3.10513489948057e-07,8.38386422859755e-06
"55","grassAmbDry2_bin.8.orig",0,9.52933653900214e-07,0,0,9.52933653900214e-07,0,7.62346923120172e-06
"56","grassAmbDry2_bin.9.strict",7.01368018319733e-07,1.0520520274796e-06,7.01368018319733e-07,1.0520520274796e-06,2.80547207327893e-06,1.0520520274796e-06,5.96162815571773e-06
"57","grassAmbWet1_bin.1.strict",1.03340036082896e-06,6.88933573885973e-07,3.44466786942986e-07,8.61166967357466e-07,2.06680072165792e-06,1.03340036082896e-06,4.9947684106733e-06
"58","grassAmbWet1_bin.10.orig",5.17834478351671e-07,5.17834478351671e-07,5.17834478351671e-07,5.17834478351671e-07,2.07133791340668e-06,5.17834478351671e-07,1.13923585237368e-05
"59","grassAmbWet1_bin.11.orig",1.30252033342784e-06,1.30252033342784e-06,4.34173444475946e-07,8.68346888951892e-07,3.03921411133162e-06,1.30252033342784e-06,6.51260166713919e-06
"60","grassAmbWet1_bin.12.strict",4.71124837245999e-07,6.28166449661332e-07,3.14083224830666e-07,4.71124837245999e-07,1.57041612415333e-06,7.85208062076665e-07,4.24012353521399e-06
"61","grassAmbWet1_bin.13.orig",1.41551832742354e-06,1.13241466193884e-06,5.66207330969418e-07,1.13241466193884e-06,2.26482932387767e-06,1.41551832742354e-06,6.79448797163301e-06
"62","grassAmbWet1_bin.14.orig",1.01601786023929e-06,6.77345240159528e-07,3.38672620079764e-07,1.01601786023929e-06,2.37070834055835e-06,6.77345240159528e-07,6.43477978151552e-06
"63","grassAmbWet1_bin.15.orig",1.04484255267574e-06,1.04484255267574e-06,5.22421276337869e-07,1.04484255267574e-06,2.08968510535147e-06,7.83631914506803e-07,6.00784467788549e-06
"64","grassAmbWet1_bin.16.orig",8.35337447091814e-07,4.17668723545907e-07,4.17668723545907e-07,4.17668723545907e-07,2.50601234127544e-06,0,7.93570574737224e-06
"65","grassAmbWet1_bin.17.orig",8.33938286065016e-07,8.33938286065016e-07,2.08484571516254e-07,6.25453714548762e-07,1.66787657213003e-06,1.25090742909752e-06,6.25453714548762e-06
"66","grassAmbWet1_bin.18.strict",1.20000192000307e-06,6.00000960001536e-07,3.00000480000768e-07,6.00000960001536e-07,3.00000480000768e-06,2.10000336000538e-06,6.90001104001766e-06
"67","grassAmbWet1_bin.19.orig",3.75328459317961e-07,3.75328459317961e-07,1.8766422965898e-07,3.75328459317961e-07,9.38321148294902e-07,3.75328459317961e-07,6.00525534908737e-06
"68","grassAmbWet1_bin.2.orig",2.02909039259517e-06,6.76363464198391e-07,1.35272692839678e-06,2.70545385679356e-06,2.70545385679356e-06,1.35272692839678e-06,6.76363464198391e-06
"69","grassAmbWet1_bin.20.orig",6.97676284483086e-07,6.97676284483086e-07,3.48838142241543e-07,6.97676284483086e-07,1.39535256896617e-06,6.97676284483086e-07,8.72095355603858e-06
"70","grassAmbWet1_bin.21.strict",3.7957211215369e-07,3.7957211215369e-07,3.7957211215369e-07,1.89786056076845e-07,1.51828844861476e-06,0,3.41614900938321e-06
"71","grassAmbWet1_bin.22.orig",9.91735209343732e-07,9.91735209343732e-07,3.30578403114577e-07,3.30578403114577e-07,1.98347041868746e-06,0,6.61156806229155e-06
"72","grassAmbWet1_bin.23.orig",9.75101276456326e-07,1.21887659557041e-06,2.43775319114082e-07,4.87550638228163e-07,1.95020255291265e-06,9.75101276456326e-07,6.09438297785204e-06
"73","grassAmbWet1_bin.24.orig",7.9798269973507e-07,3.98991349867535e-07,1.99495674933767e-07,5.98487024801302e-07,1.79546107440391e-06,3.98991349867535e-07,4.18940917360912e-06
"74","grassAmbWet1_bin.25.orig",7.84580790637754e-07,5.88435592978316e-07,3.92290395318877e-07,3.92290395318877e-07,1.96145197659439e-06,7.84580790637754e-07,6.66893672042091e-06
"75","grassAmbWet1_bin.26.orig",1.19691015250311e-06,7.18146091501866e-07,4.78764061001244e-07,4.78764061001244e-07,2.1544382745056e-06,7.18146091501866e-07,6.22393279301617e-06
"76","grassAmbWet1_bin.27.orig",6.08587350085917e-07,6.08587350085917e-07,3.04293675042959e-07,3.04293675042959e-07,1.21717470017183e-06,3.04293675042959e-07,7.91163555111692e-06
"77","grassAmbWet1_bin.28.orig",1.96753695198357e-06,1.31169130132238e-06,1.31169130132238e-06,2.62338260264476e-06,1.96753695198357e-06,6.55845650661191e-07,6.55845650661191e-06
"78","grassAmbWet1_bin.29.orig",1.39737893632913e-06,6.98689468164564e-07,1.04803420224685e-06,1.39737893632913e-06,3.14410260674054e-06,6.98689468164564e-07,4.89082627715195e-06
"79","grassAmbWet1_bin.3.orig",1.32674102254053e-06,1.06139281803243e-06,5.30696409016214e-07,1.06139281803243e-06,2.12278563606485e-06,1.59208922704864e-06,5.30696409016214e-06
"80","grassAmbWet1_bin.30.orig",1.72492782901963e-06,1.03495669741178e-06,6.89971131607854e-07,1.03495669741178e-06,3.10487009223534e-06,1.37994226321571e-06,7.58968244768639e-06
"81","grassAmbWet1_bin.31.strict",3.60726936923288e-06,1.20242312307763e-06,1.20242312307763e-06,3.60726936923288e-06,4.8096924923105e-06,1.20242312307763e-06,1.32266543538539e-05
"82","grassAmbWet1_bin.32.strict",6.70290929723683e-07,6.70290929723683e-07,3.35145464861841e-07,3.35145464861841e-07,1.00543639458552e-06,0,8.04349115668419e-06
"83","grassAmbWet1_bin.33.orig",6.92238095754527e-07,4.61492063836351e-07,2.30746031918176e-07,4.61492063836351e-07,1.15373015959088e-06,0,5.99939682987257e-06
"84","grassAmbWet1_bin.34.orig",2.1270006568178e-06,1.27620039409068e-06,8.50800262727121e-07,1.70160052545424e-06,3.40320105090848e-06,8.50800262727121e-07,7.23180223318053e-06
"85","grassAmbWet1_bin.35.orig",4.194188406718e-07,4.194188406718e-07,2.097094203359e-07,2.097094203359e-07,8.388376813436e-07,0,6.5009920304129e-06
"86","grassAmbWet1_bin.36.orig",1.48327195553981e-06,1.18661756443185e-06,5.93308782215925e-07,8.89963173323888e-07,2.3732351288637e-06,1.18661756443185e-06,8.00966855991499e-06
"87","grassAmbWet1_bin.37.orig",1.82586972565577e-06,1.09552183539346e-06,3.65173945131154e-07,7.30347890262308e-07,3.28656550618039e-06,7.30347890262308e-07,7.66865284775424e-06
"88","grassAmbWet1_bin.38.orig",1.21913976279198e-06,1.21913976279198e-06,6.09569881395988e-07,6.09569881395988e-07,1.82870964418796e-06,1.21913976279198e-06,1.21913976279198e-05
"89","grassAmbWet1_bin.39.orig",7.48073803465302e-07,7.48073803465302e-07,3.74036901732651e-07,3.74036901732651e-07,1.87018450866326e-06,1.12211070519795e-06,7.10670113292037e-06
"90","grassAmbWet1_bin.4.orig",1.40406497872315e-06,1.40406497872315e-06,7.02032489361575e-07,1.40406497872315e-06,3.51016244680788e-06,1.75508122340394e-06,7.02032489361575e-06
"91","grassAmbWet1_bin.41.strict",1.41315724765958e-06,1.41315724765958e-06,4.71052415886525e-07,4.71052415886525e-07,2.35526207943263e-06,4.71052415886525e-07,8.94999590184398e-06
"92","grassAmbWet1_bin.42.strict",1.57445106763527e-06,1.04963404509018e-06,5.2481702254509e-07,5.2481702254509e-07,3.14890213527054e-06,5.2481702254509e-07,5.77298724799599e-06
"93","grassAmbWet1_bin.43.orig",1.07653722113985e-06,1.07653722113985e-06,2.69134305284963e-07,5.38268610569927e-07,2.15307444227971e-06,1.61480583170978e-06,6.72835763212409e-06
"94","grassAmbWet1_bin.44.orig",8.37634586937256e-07,8.37634586937256e-07,4.18817293468628e-07,1.25645188040588e-06,1.67526917387451e-06,4.18817293468628e-07,6.70107669549805e-06
"95","grassAmbWet1_bin.45.orig",8.41887790248708e-07,6.31415842686531e-07,2.10471947562177e-07,6.31415842686531e-07,2.31519142318395e-06,1.05235973781089e-06,6.10368647930314e-06
"96","grassAmbWet1_bin.46.orig",1.9336955145032e-06,9.668477572516e-07,9.668477572516e-07,1.4502716358774e-06,3.3839671503806e-06,1.4502716358774e-06,8.7016298152644e-06
"97","grassAmbWet1_bin.47.orig",9.45691312170338e-07,1.41853696825551e-06,0,0,2.36422828042584e-06,1.41853696825551e-06,1.04026044338737e-05
"98","grassAmbWet1_bin.48.orig",9.52582355507545e-07,4.76291177753773e-07,1.58763725917924e-07,6.35054903671697e-07,1.74640098509717e-06,7.93818629589621e-07,5.71549413304527e-06
"99","grassAmbWet1_bin.49.orig",1.63000026351671e-06,8.15000131758355e-07,2.71666710586118e-07,1.08666684234447e-06,2.9883338164473e-06,1.35833355293059e-06,6.79166776465295e-06
"100","grassAmbWet1_bin.5.orig",6.43723917111534e-07,3.21861958555767e-07,3.21861958555767e-07,6.43723917111534e-07,1.28744783422307e-06,0,5.7935152540038e-06
"101","grassAmbWet1_bin.50.orig",1.56849090000792e-06,1.17636817500594e-06,3.9212272500198e-07,7.8424545000396e-07,3.52910452501782e-06,1.17636817500594e-06,7.05820905003564e-06
"102","grassAmbWet1_bin.51.orig",1.84655156495245e-06,1.47724125196196e-06,3.6931031299049e-07,1.10793093897147e-06,3.32379281691441e-06,1.47724125196196e-06,7.7555165728003e-06
"103","grassAmbWet1_bin.52.orig",1.37008823368225e-06,1.37008823368225e-06,4.56696077894083e-07,9.13392155788166e-07,2.7401764673645e-06,1.37008823368225e-06,8.2205294020935e-06
"104","grassAmbWet1_bin.53.orig",1.51088954755279e-06,1.51088954755279e-06,7.55444773776397e-07,1.51088954755279e-06,2.64405670821739e-06,1.51088954755279e-06,7.93217012465217e-06
"105","grassAmbWet1_bin.54.orig",4.7760806240618e-07,1.91043224962472e-06,0,0,1.43282418721854e-06,1.43282418721854e-06,5.73129674887416e-06
"106","grassAmbWet1_bin.55.strict",9.19835846094906e-07,4.59917923047453e-07,4.59917923047453e-07,6.89876884571179e-07,2.06963065371354e-06,4.59917923047453e-07,5.05909715352198e-06
"107","grassAmbWet1_bin.6.permissive",7.9749745299251e-07,1.19624617948876e-06,7.9749745299251e-07,7.9749745299251e-07,2.79124108547378e-06,1.19624617948876e-06,7.17747707693259e-06
"108","grassAmbWet1_bin.7.strict",1.01568625857747e-06,7.61764693933103e-07,5.07843129288735e-07,1.01568625857747e-06,2.28529408179931e-06,1.26960782322184e-06,5.58627442217609e-06
"109","grassAmbWet1_bin.8.orig",6.16573558921157e-07,6.16573558921157e-07,3.08286779460578e-07,3.08286779460578e-07,1.23314711784231e-06,0,7.0905959275933e-06
"110","grassAmbWet1_bin.9.orig",1.19732374197194e-06,8.97992806478958e-07,2.99330935492986e-07,2.99330935492986e-07,2.99330935492986e-06,8.97992806478958e-07,6.58528058084569e-06
"111","grassAmbWet2_bin.1.orig",1.78706948007001e-06,1.19137965338e-06,5.95689826690002e-07,5.95689826690002e-07,2.97844913345001e-06,5.95689826690002e-07,7.74396774697002e-06
"112","grassAmbWet2_bin.10.orig",1.33034590856107e-06,5.32138363424427e-07,2.66069181712214e-07,1.06427672684885e-06,2.12855345369771e-06,1.06427672684885e-06,4.52317608910763e-06
"113","grassAmbWet2_bin.11.orig",1.04292215663787e-06,1.39056287551716e-06,6.9528143775858e-07,1.39056287551716e-06,3.4764071887929e-06,1.39056287551716e-06,6.25753293982722e-06
"114","grassAmbWet2_bin.12.orig",6.22877350778052e-07,3.11438675389026e-07,3.11438675389026e-07,6.22877350778052e-07,1.55719337694513e-06,0,4.67158013083539e-06
"115","grassAmbWet2_bin.13.orig",9.84381152382202e-07,9.84381152382202e-07,3.28127050794067e-07,3.28127050794067e-07,1.31250820317627e-06,0,5.25003281270508e-06
"117","grassAmbWet2_bin.15.strict",5.67264418396083e-07,5.67264418396083e-07,0,1.89088139465361e-07,9.45440697326804e-07,3.78176278930722e-07,4.91629162609938e-06
"118","grassAmbWet2_bin.16.strict",9.88797712950442e-07,9.88797712950442e-07,1.97759542590088e-07,5.93278627770265e-07,2.37311451108106e-06,7.91038170360353e-07,4.54846947957203e-06
"119","grassAmbWet2_bin.17.orig",1.09292746961716e-06,8.7434197569373e-07,4.37170987846865e-07,8.7434197569373e-07,1.96726944531089e-06,1.53009845746403e-06,5.68322284200925e-06
"120","grassAmbWet2_bin.18.orig",1.69334474873473e-06,1.35467579898779e-06,6.77337899493893e-07,1.01600684924084e-06,2.70935159797557e-06,1.69334474873473e-06,8.46672374367366e-06
"121","grassAmbWet2_bin.20.orig",6.26934877766507e-07,5.01547902213205e-07,2.50773951106603e-07,1.25386975553301e-07,1.12848277997971e-06,5.01547902213205e-07,3.38544833993914e-06
"122","grassAmbWet2_bin.21.orig",1.19364289666096e-06,1.19364289666096e-06,5.96821448330481e-07,1.19364289666096e-06,2.38728579332193e-06,8.95232172495722e-07,5.07298231080909e-06
"123","grassAmbWet2_bin.22.orig",2.10835244906221e-06,8.43340979624882e-07,8.43340979624882e-07,1.68668195924976e-06,3.37336391849953e-06,2.10835244906221e-06,7.1683983268115e-06
"124","grassAmbWet2_bin.23.strict",9.55740151456142e-07,9.55740151456142e-07,4.77870075728071e-07,9.55740151456142e-07,2.86722045436843e-06,1.91148030291228e-06,8.60166136310528e-06
"125","grassAmbWet2_bin.24.orig",1.19209142705463e-06,7.94727618036423e-07,5.96045713527317e-07,9.93409522545529e-07,2.18550094960016e-06,9.93409522545529e-07,5.36441142174585e-06
"126","grassAmbWet2_bin.25.orig",1.18388308917718e-06,1.18388308917718e-06,2.36776617835436e-06,2.36776617835436e-06,2.36776617835436e-06,0,1.42065970701261e-05
"127","grassAmbWet2_bin.26.orig",1.40272980571725e-06,9.35153203811497e-07,4.67576601905749e-07,4.67576601905749e-07,2.80545961143449e-06,4.67576601905749e-07,8.41637883430348e-06
"128","grassAmbWet2_bin.27.strict",1.80211108302821e-06,1.35158331227116e-06,9.01055541514107e-07,1.80211108302821e-06,3.15369439529937e-06,4.50527770757053e-07,5.85686101984169e-06
"129","grassAmbWet2_bin.29.orig",9.34557385444876e-07,7.00918039083657e-07,4.67278692722438e-07,9.34557385444876e-07,2.10275411725097e-06,9.34557385444876e-07,5.14006561994682e-06
"130","grassAmbWet2_bin.3.strict",7.55721092062321e-07,7.55721092062321e-07,5.66790819046741e-07,7.55721092062321e-07,2.07823300317138e-06,7.55721092062321e-07,4.72325682538951e-06
"131","grassAmbWet2_bin.31.orig",1.68192226222581e-06,1.34553780978065e-06,6.72768904890324e-07,1.68192226222581e-06,3.02746007200646e-06,1.34553780978065e-06,8.74599576357421e-06
"132","grassAmbWet2_bin.32.orig",1.30104114516601e-06,1.04083291613281e-06,5.20416458066403e-07,1.30104114516601e-06,3.38270697743162e-06,1.04083291613281e-06,6.24499749679684e-06
"133","grassAmbWet2_bin.33.orig",1.50099628628502e-06,1.00066419085668e-06,5.00332095428341e-07,1.25083023857085e-06,2.25149442942753e-06,1.50099628628502e-06,7.00464933599677e-06
"134","grassAmbWet2_bin.34.orig",8.44293315940891e-07,8.44293315940891e-07,4.22146657970445e-07,4.22146657970445e-07,2.11073328985223e-06,0,9.70937313332025e-06
"135","grassAmbWet2_bin.35.strict",6.90030287154379e-07,6.90030287154379e-07,3.45015143577189e-07,5.17522715365784e-07,1.89758328967454e-06,5.17522715365784e-07,4.14018172292627e-06
"136","grassAmbWet2_bin.36.orig",7.62750325122326e-07,7.62750325122326e-07,3.81375162561163e-07,3.81375162561163e-07,1.14412548768349e-06,3.81375162561163e-07,8.39025357634559e-06
"137","grassAmbWet2_bin.37.orig",7.35118040660482e-07,5.51338530495361e-07,3.67559020330241e-07,5.51338530495361e-07,2.02157461181632e-06,1.47023608132096e-06,4.96204677445825e-06
"138","grassAmbWet2_bin.39.orig",1.38953605243924e-06,1.85271473658565e-06,4.63178684146413e-07,4.63178684146413e-07,3.7054294731713e-06,9.26357368292825e-07,8.80039499878184e-06
"139","grassAmbWet2_bin.4.orig",9.74171403899842e-07,5.84502842339905e-07,1.94834280779968e-07,7.79337123119874e-07,1.75350852701972e-06,7.79337123119874e-07,4.48118845793927e-06
"140","grassAmbWet2_bin.40.orig",9.02376679698991e-07,1.20316890626532e-06,3.0079222656633e-07,6.01584453132661e-07,1.80475335939798e-06,1.80475335939798e-06,8.42218234385725e-06
"141","grassAmbWet2_bin.41.orig",9.68538011242789e-07,1.29138401499039e-06,6.45692007495193e-07,9.68538011242789e-07,2.25992202623317e-06,1.61423001873798e-06,8.39399609743751e-06
"142","grassAmbWet2_bin.42.orig",1.40436387348835e-06,9.36242582325566e-07,4.68121291162783e-07,1.17030322790696e-06,2.34060645581391e-06,1.17030322790696e-06,7.25588001302313e-06
"143","grassAmbWet2_bin.44.orig",1.80780174922897e-06,0,1.80780174922897e-06,3.61560349845794e-06,3.61560349845794e-06,1.80780174922897e-06,1.62702157430608e-05
"144","grassAmbWet2_bin.45.orig",8.19686912386945e-07,8.19686912386945e-07,2.04921728096736e-07,6.14765184290208e-07,1.84429555287063e-06,1.02460864048368e-06,5.94273011480535e-06
"145","grassAmbWet2_bin.46.orig",1.07655141824884e-06,3.58850472749613e-07,3.58850472749613e-07,3.58850472749613e-07,1.43540189099845e-06,3.58850472749613e-07,5.02390661849458e-06
"146","grassAmbWet2_bin.47.orig",9.14229084324148e-07,4.57114542162074e-07,2.28557271081037e-07,6.85671813243111e-07,2.05701543972933e-06,4.57114542162074e-07,5.71393177702593e-06
"147","grassAmbWet2_bin.49.orig",4.07817369594279e-07,4.07817369594279e-07,4.07817369594279e-07,4.07817369594279e-07,1.63126947837712e-06,0,7.7485300222913e-06
"148","grassAmbWet2_bin.5.orig",3.88024327573242e-07,3.88024327573242e-07,1.94012163786621e-07,3.88024327573242e-07,9.70060818933104e-07,3.88024327573242e-07,5.626352749812e-06
"149","grassAmbWet2_bin.50.strict",1.20172259723979e-06,9.6137807779183e-07,4.80689038895915e-07,9.6137807779183e-07,2.16310067503162e-06,9.6137807779183e-07,5.76826846675098e-06
"150","grassAmbWet2_bin.51.orig",5.80332614736473e-07,7.25415768420591e-07,2.90166307368237e-07,4.35249461052355e-07,1.30574838315706e-06,7.25415768420591e-07,3.91724514947119e-06
"151","grassAmbWet2_bin.52.orig",7.99352460558751e-07,4.7961147633525e-07,3.197409842235e-07,6.39481968447e-07,1.5987049211175e-06,6.39481968447e-07,5.27572623968775e-06
"152","grassAmbWet2_bin.53.orig",5.0288884496993e-07,5.0288884496993e-07,2.51444422484965e-07,2.51444422484965e-07,7.54333267454895e-07,0,7.04044382957902e-06
"153","grassAmbWet2_bin.54.orig",1.93008237977613e-06,1.54406590382091e-06,3.86016475955227e-07,1.15804942786568e-06,3.08813180764181e-06,1.15804942786568e-06,9.65041189888067e-06
"154","grassAmbWet2_bin.55.orig",8.9904557321947e-07,8.9904557321947e-07,5.99363715479647e-07,8.9904557321947e-07,2.99681857739823e-06,1.49840928869912e-06,6.59300087027612e-06
"155","grassAmbWet2_bin.57.orig",5.53358109020401e-07,8.30037163530602e-07,2.76679054510201e-07,5.53358109020401e-07,1.383395272551e-06,2.76679054510201e-07,6.64029730824481e-06
"156","grassAmbWet2_bin.59.orig",6.58560012433613e-07,0,3.29280006216807e-07,3.29280006216807e-07,2.30496004351765e-06,3.29280006216807e-07,6.25632011811932e-06
"157","grassAmbWet2_bin.6.orig",8.59592302247782e-07,6.87673841798226e-07,3.43836920899113e-07,8.59592302247782e-07,2.06302152539468e-06,8.59592302247782e-07,4.64179843213802e-06
"158","grassAmbWet2_bin.60.orig",5.29456441486195e-07,7.94184662229292e-07,5.29456441486195e-07,2.64728220743097e-07,1.32364110371549e-06,0,6.35347729783434e-06
"159","grassAmbWet2_bin.61.strict",6.86199095177873e-07,6.86199095177873e-07,3.43099547588937e-07,6.86199095177873e-07,1.71549773794468e-06,3.43099547588937e-07,5.14649321383405e-06
"160","grassAmbWet2_bin.7.orig",8.9945448085736e-07,8.9945448085736e-07,2.99818160285787e-07,5.99636320571573e-07,2.99818160285787e-06,5.99636320571573e-07,4.4972724042868e-06
"161","grassAmbWet2_bin.8.orig",4.69304659444381e-07,7.03956989166571e-07,2.3465232972219e-07,2.3465232972219e-07,1.17326164861095e-06,0,7.03956989166571e-06
"162","grassAmbWet2_bin.9.orig",5.78739037597492e-07,5.78739037597492e-07,2.89369518798746e-07,2.89369518798746e-07,1.73621711279248e-06,2.89369518798746e-07,8.97045508276113e-06
"163","grassRedDry1_bin.1.orig",1.66508760858453e-06,1.24881570643839e-06,8.32543804292263e-07,1.24881570643839e-06,3.33017521716905e-06,8.32543804292263e-07,8.32543804292263e-06
"164","grassRedDry1_bin.10.orig",1.73131812520408e-06,1.38505450016326e-06,6.92527250081632e-07,1.73131812520408e-06,3.46263625040816e-06,1.38505450016326e-06,7.27153612585713e-06
"165","grassRedDry1_bin.11.orig",1.10870079558152e-06,6.6522047734891e-07,4.43480318232607e-07,6.6522047734891e-07,2.66088190939564e-06,1.33044095469782e-06,5.54350397790758e-06
"166","grassRedDry1_bin.12.orig",7.76650168028264e-07,3.88325084014132e-07,7.76650168028264e-07,7.76650168028264e-07,1.55330033605653e-06,7.76650168028264e-07,4.65990100816958e-06
"167","grassRedDry1_bin.13.permissive",1.15713452990687e-06,1.15713452990687e-06,2.89283632476716e-07,5.78567264953433e-07,2.89283632476716e-06,8.67850897430149e-07,6.36423991448776e-06
"168","grassRedDry1_bin.14.orig",1.07037234329125e-06,7.13581562194163e-07,3.56790781097082e-07,3.56790781097082e-07,3.56790781097082e-06,3.56790781097082e-07,7.13581562194163e-06
"169","grassRedDry1_bin.15.orig",1.45452958694996e-06,1.09089719021247e-06,3.6363239673749e-07,7.2726479347498e-07,3.27269157063741e-06,1.09089719021247e-06,5.81811834779984e-06
"170","grassRedDry1_bin.16.orig",1.89331761122389e-06,7.57327044489556e-07,3.78663522244778e-07,1.13599056673433e-06,3.407971700203e-06,1.51465408897911e-06,7.19460692265078e-06
"171","grassRedDry1_bin.17.orig",7.75907753878957e-07,1.29317958979826e-06,2.58635917959652e-07,5.17271835919305e-07,1.03454367183861e-06,1.03454367183861e-06,8.53498529266853e-06
"172","grassRedDry1_bin.18.strict",6.42312530650351e-07,6.42312530650351e-07,3.21156265325176e-07,3.21156265325176e-07,1.2846250613007e-06,3.21156265325176e-07,8.67121916377974e-06
"173","grassRedDry1_bin.19.strict",1.10758161768941e-06,1.10758161768941e-06,3.69193872563136e-07,7.38387745126272e-07,2.58435710794195e-06,1.47677549025254e-06,7.01468357869958e-06
"174","grassRedDry1_bin.20.orig",7.1038149143647e-07,9.47175321915293e-07,2.36793830478823e-07,4.73587660957646e-07,9.47175321915293e-07,4.73587660957646e-07,5.44625810101293e-06
"176","grassRedDry1_bin.22.orig",1.33597886837691e-06,8.90652578917942e-07,4.45326289458971e-07,4.45326289458971e-07,2.00396830256537e-06,1.11331572364743e-06,7.12522063134353e-06
"177","grassRedDry1_bin.23.orig",1.27747366807402e-06,9.58105251055513e-07,3.19368417018504e-07,6.38736834037008e-07,1.59684208509252e-06,0,8.62294725949961e-06
"178","grassRedDry1_bin.24.orig",1.44690160490326e-06,1.08517620367745e-06,3.61725401225815e-07,3.61725401225815e-07,3.25552861103234e-06,1.08517620367745e-06,6.87278262329049e-06
"179","grassRedDry1_bin.25.strict",1.1398736051153e-06,8.54905203836473e-07,2.84968401278824e-07,8.54905203836473e-07,3.13465241406707e-06,8.54905203836473e-07,6.83924163069178e-06
"180","grassRedDry1_bin.26.strict",9.72514314195062e-07,9.72514314195062e-07,4.86257157097531e-07,4.86257157097531e-07,1.45877147129259e-06,4.86257157097531e-07,8.26637167065803e-06
"181","grassRedDry1_bin.27.orig",1.37202536326087e-06,6.86012681630433e-07,6.86012681630433e-07,6.86012681630433e-07,2.0580380448913e-06,0,7.54613949793476e-06
"182","grassRedDry1_bin.28.orig",1.09347189080152e-06,1.09347189080152e-06,5.46735945400762e-07,1.09347189080152e-06,2.46031175430343e-06,1.09347189080152e-06,5.19399148130723e-06
"183","grassRedDry1_bin.29.orig",1.11794360980638e-06,0,1.11794360980638e-06,5.58971804903189e-07,3.35383082941913e-06,5.58971804903189e-07,9.50252068335421e-06
"184","grassRedDry1_bin.3.orig",1.18767314047501e-06,1.18767314047501e-06,0,5.93836570237505e-07,5.93836570237505e-07,1.78150971071251e-06,7.71987541308756e-06
"185","grassRedDry1_bin.30.strict",1.02927171563899e-06,1.28658964454873e-06,2.57317928909747e-07,5.14635857819493e-07,1.80122550236823e-06,1.28658964454873e-06,5.91831236492417e-06
"186","grassRedDry1_bin.31.orig",9.34107583972769e-07,4.67053791986384e-07,4.67053791986384e-07,7.00580687979577e-07,1.40116137595915e-06,0,4.90406481585704e-06
"187","grassRedDry1_bin.32.orig",4.81434327663722e-07,1.20358581915931e-06,2.40717163831861e-07,2.40717163831861e-07,9.62868655327444e-07,4.81434327663722e-07,7.46223207878769e-06
"188","grassRedDry1_bin.33.permissive",0,4.3782242885495e-07,0,0,4.3782242885495e-07,8.756448577099e-07,1.40103177233584e-05
"189","grassRedDry1_bin.34.strict",1.32899843576884e-06,8.85998957179227e-07,4.42999478589614e-07,4.42999478589614e-07,3.1009963501273e-06,1.77199791435845e-06,1.10749869647403e-05
"190","grassRedDry1_bin.35.orig",5.09819636009173e-07,5.09819636009173e-07,2.54909818004586e-07,2.54909818004586e-07,7.64729454013759e-07,0,6.88256508612383e-06
"191","grassRedDry1_bin.36.orig",2.94634340368956e-06,2.20975755276717e-06,7.3658585092239e-07,2.20975755276717e-06,5.89268680737912e-06,7.3658585092239e-07,6.62927265830151e-06
"192","grassRedDry1_bin.37.orig",9.91361769223868e-07,0,4.95680884611934e-07,4.95680884611934e-07,1.4870426538358e-06,4.95680884611934e-07,6.93953238456707e-06
"193","grassRedDry1_bin.39.orig",5.52843245167735e-07,5.52843245167735e-07,2.76421622583868e-07,2.76421622583868e-07,8.29264867751603e-07,2.76421622583868e-07,8.84549192268377e-06
"194","grassRedDry1_bin.4.orig",1.84060964672719e-06,1.38045723504539e-06,4.60152411681797e-07,9.20304823363595e-07,2.30076205840899e-06,0,7.82259099859055e-06
"195","grassRedDry1_bin.41.orig",8.34112533458339e-07,5.56075022305559e-07,2.7803751115278e-07,5.56075022305559e-07,1.3901875557639e-06,0,4.17056266729169e-06
"196","grassRedDry1_bin.42.orig",2.79094483530076e-06,1.11637793412031e-06,5.58188967060153e-07,1.11637793412031e-06,4.46551173648122e-06,1.67456690118046e-06,6.69826760472183e-06
"197","grassRedDry1_bin.44.orig",1.82035134601329e-06,9.10175673006647e-07,4.55087836503324e-07,9.10175673006647e-07,3.18561485552326e-06,9.10175673006647e-07,6.37122971104653e-06
"198","grassRedDry1_bin.45.orig",2.17126032977102e-06,8.68504131908408e-07,8.68504131908408e-07,1.73700826381682e-06,3.03976446167943e-06,1.73700826381682e-06,7.38228512122146e-06
"199","grassRedDry1_bin.46.orig",7.88283894138203e-07,7.88283894138203e-07,0,0,1.97070973534551e-06,3.94141947069101e-07,7.48869699431293e-06
"200","grassRedDry1_bin.47.permissive",5.48430077770127e-07,1.09686015554025e-06,0,2.74215038885064e-07,1.64529023331038e-06,8.22645116655191e-07,6.0327308554714e-06
"201","grassRedDry1_bin.48.orig",7.33868200940452e-07,7.33868200940452e-07,1.83467050235113e-07,5.50401150705339e-07,1.65120345211602e-06,1.28426935164579e-06,4.95361035634805e-06
"202","grassRedDry1_bin.49.orig",8.46341603783486e-07,8.46341603783486e-07,4.23170801891743e-07,4.23170801891743e-07,2.11585400945871e-06,4.23170801891743e-07,8.46341603783486e-06
"203","grassRedDry1_bin.5.orig",1.59182337637199e-06,9.55094025823196e-07,3.18364675274399e-07,3.18364675274399e-07,2.86528207746959e-06,9.55094025823196e-07,7.00402285603677e-06
"204","grassRedDry1_bin.50.orig",9.54756021646229e-07,6.36504014430819e-07,3.18252007215409e-07,6.36504014430819e-07,2.22776405050787e-06,3.18252007215409e-07,7.31979616595442e-06
"205","grassRedDry1_bin.51.orig",1.13856615809447e-06,1.13856615809447e-06,3.79522052698155e-07,3.79522052698155e-07,2.27713231618893e-06,3.79522052698155e-07,5.69283079047233e-06
"206","grassRedDry1_bin.52.orig",1.07391007077067e-06,1.07391007077067e-06,7.15940047180449e-07,1.07391007077067e-06,3.22173021231202e-06,2.14782014154135e-06,9.30722061334584e-06
"207","grassRedDry1_bin.53.orig",8.95537358236436e-07,5.97024905490957e-07,2.98512452745479e-07,2.98512452745479e-07,2.68661207470931e-06,8.95537358236436e-07,6.26876150765505e-06
"208","grassRedDry1_bin.54.permissive",1.24019214710332e-06,4.13397382367775e-07,4.13397382367775e-07,8.2679476473555e-07,8.2679476473555e-07,1.24019214710332e-06,7.44115288261995e-06
"209","grassRedDry1_bin.6.orig",2.21957845765932e-06,4.43915691531864e-07,4.43915691531864e-07,8.87831383063729e-07,3.55132553225491e-06,1.77566276612746e-06,6.2148196814461e-06
"210","grassRedDry1_bin.7.orig",4.11306317089202e-07,8.22612634178403e-07,0,0,1.23391895126761e-06,8.22612634178403e-07,8.63743265887324e-06
"211","grassRedDry1_bin.8.orig",6.05915920683182e-07,6.05915920683182e-07,3.02957960341591e-07,6.05915920683182e-07,9.08873881024773e-07,3.02957960341591e-07,9.08873881024773e-06
"212","grassRedDry1_bin.9.orig",1.3389204998101e-06,4.46306833270032e-07,4.46306833270032e-07,4.46306833270032e-07,3.57045466616026e-06,1.3389204998101e-06,7.58721616559055e-06
"213","grassRedDry2_bin.1.orig",8.03746530494143e-07,8.03746530494143e-07,2.67915510164714e-07,5.35831020329429e-07,1.33957755082357e-06,0,4.28664816263543e-06
"214","grassRedDry2_bin.10.orig",9.47461371999864e-07,6.31640914666576e-07,3.15820457333288e-07,6.31640914666576e-07,1.89492274399973e-06,0,6.31640914666576e-06
"215","grassRedDry2_bin.11.strict",7.55855613437299e-07,7.55855613437299e-07,3.77927806718649e-07,7.55855613437299e-07,1.70067513023392e-06,5.66891710077974e-07,5.47995319742042e-06
"216","grassRedDry2_bin.12.orig",1.88134719509947e-06,1.25423146339964e-06,6.27115731699822e-07,1.25423146339964e-06,3.76269439019893e-06,0,6.27115731699822e-06
"217","grassRedDry2_bin.13.orig",1.12043217309781e-06,8.40324129823356e-07,2.80108043274452e-07,5.60216086548904e-07,2.24086434619561e-06,1.12043217309781e-06,6.16237695203794e-06
"218","grassRedDry2_bin.14.strict",1.11158322520871e-06,1.11158322520871e-06,2.77895806302177e-07,8.3368741890653e-07,2.77895806302177e-06,8.3368741890653e-07,6.66949935125224e-06
"219","grassRedDry2_bin.15.orig",8.70889120313158e-07,6.96711296250526e-07,3.48355648125263e-07,6.96711296250526e-07,1.56760041656368e-06,1.21924476843842e-06,5.05115689781632e-06
"220","grassRedDry2_bin.16.orig",6.85693283908561e-07,3.42846641954281e-07,3.42846641954281e-07,6.85693283908561e-07,1.37138656781712e-06,3.42846641954281e-07,5.14269962931421e-06
"221","grassRedDry2_bin.17.strict",5.21317996157886e-07,5.21317996157886e-07,1.04263599231577e-06,1.04263599231577e-06,3.12790797694732e-06,0,7.29845194621041e-06
"222","grassRedDry2_bin.18.orig",1.14504974954899e-06,1.14504974954899e-06,1.14504974954899e-06,5.72524874774497e-07,3.43514924864698e-06,1.14504974954899e-06,1.14504974954899e-05
"223","grassRedDry2_bin.19.orig",1.57165933592364e-06,6.28663734369455e-07,6.28663734369455e-07,1.25732746873891e-06,3.14331867184727e-06,1.25732746873891e-06,6.28663734369455e-06
"224","grassRedDry2_bin.2.orig",8.97349498785437e-07,8.97349498785437e-07,5.98232999190292e-07,8.97349498785437e-07,2.69204849635631e-06,1.79469899757087e-06,6.58056299109321e-06
"225","grassRedDry2_bin.20.orig",1.63254178184589e-06,8.16270890922945e-07,4.08135445461473e-07,1.22440633638442e-06,1.63254178184589e-06,1.22440633638442e-06,7.75457346376798e-06
"226","grassRedDry2_bin.21.orig",1.05082784217406e-06,1.05082784217406e-06,3.50275947391355e-07,7.0055189478271e-07,1.40110378956542e-06,0,9.45745057956658e-06
"227","grassRedDry2_bin.22.orig",1.23870609715915e-06,1.03225508096596e-06,6.19353048579576e-07,1.03225508096596e-06,2.06451016193192e-06,1.03225508096596e-06,5.57417743721618e-06
"228","grassRedDry2_bin.23.orig",1.78807646244092e-06,1.07284587746455e-06,3.57615292488183e-07,7.15230584976367e-07,2.86092233990547e-06,7.15230584976367e-07,6.4370752647873e-06
"229","grassRedDry2_bin.24.orig",1.22005080291543e-06,1.22005080291543e-06,8.13367201943622e-07,1.62673440388724e-06,1.62673440388724e-06,1.22005080291543e-06,9.35372282235166e-06
"230","grassRedDry2_bin.25.orig",8.91062024154315e-07,5.9404134943621e-07,2.97020674718105e-07,2.97020674718105e-07,2.37616539774484e-06,5.9404134943621e-07,8.61359956682505e-06
"231","grassRedDry2_bin.26.orig",2.26741559403738e-06,1.70056169552803e-06,5.66853898509344e-07,1.70056169552803e-06,5.1016850865841e-06,1.70056169552803e-06,7.36910068062148e-06
"232","grassRedDry2_bin.27.orig",2.27974915920001e-06,2.27974915920001e-06,5.69937289800003e-07,1.13987457960001e-06,4.55949831840003e-06,1.70981186940001e-06,7.40918476740004e-06
"233","grassRedDry2_bin.28.orig",1.94095548709734e-06,6.46985162365779e-07,3.23492581182889e-07,9.70477743548668e-07,3.23492581182889e-06,9.70477743548668e-07,6.46985162365779e-06
"234","grassRedDry2_bin.29.orig",5.19974833218072e-07,5.19974833218072e-07,2.59987416609036e-07,2.59987416609036e-07,1.03994966643614e-06,0,6.4996854152259e-06
"235","grassRedDry2_bin.3.orig",5.32438977834299e-07,5.32438977834299e-07,2.6621948891715e-07,2.6621948891715e-07,7.98658466751449e-07,0,7.72036517859734e-06
"236","grassRedDry2_bin.30.orig",9.66220449959201e-07,4.83110224979601e-07,4.83110224979601e-07,4.83110224979601e-07,1.4493306749388e-06,0,8.21287382465321e-06
"237","grassRedDry2_bin.31.orig",1.2391169391829e-06,1.65215591891054e-06,4.13038979727634e-07,8.26077959455268e-07,2.89127285809344e-06,2.06519489863817e-06,9.08685755400794e-06
"238","grassRedDry2_bin.32.orig",3.5926586176743e-07,5.38898792651145e-07,1.79632930883715e-07,1.79632930883715e-07,7.1853172353486e-07,0,5.20935499562773e-06
"239","grassRedDry2_bin.33.orig",8.06413243240846e-07,6.04809932430634e-07,4.03206621620423e-07,8.06413243240846e-07,2.01603310810211e-06,6.04809932430634e-07,5.44328939187571e-06
"240","grassRedDry2_bin.34.orig",1.46227477312807e-06,1.09670607984605e-06,3.65568693282017e-07,3.65568693282017e-07,2.92454954625614e-06,0,6.94580517235833e-06
"241","grassRedDry2_bin.35.orig",8.79399967813961e-07,6.59549975860471e-07,2.1984999195349e-07,6.59549975860471e-07,2.1984999195349e-06,8.79399967813961e-07,5.71609979079075e-06
"242","grassRedDry2_bin.36.orig",7.30046372545584e-07,3.65023186272792e-07,7.30046372545584e-07,1.09506955881838e-06,3.28520867645513e-06,1.09506955881838e-06,6.57041735291026e-06
"243","grassRedDry2_bin.37.orig",7.45507571374895e-07,4.97005047583263e-07,4.97005047583263e-07,4.97005047583263e-07,1.24251261895816e-06,0,5.71555804720753e-06
"244","grassRedDry2_bin.38.orig",1.71632716285113e-06,8.58163581425564e-07,4.29081790712782e-07,8.58163581425564e-07,3.43265432570226e-06,4.29081790712782e-07,8.15255402354286e-06
"245","grassRedDry2_bin.39.orig",3.52318857021257e-07,7.04637714042514e-07,0,0,1.05695657106377e-06,3.52318857021257e-07,9.16029028255268e-06
"246","grassRedDry2_bin.4.orig",1.10256403471401e-06,6.61538420828405e-07,2.20512806942802e-07,6.61538420828405e-07,2.20512806942802e-06,8.82051227771207e-07,6.83589701522685e-06
"247","grassRedDry2_bin.41.orig",1.32639070960577e-06,1.32639070960577e-06,8.8426047307051e-07,1.76852094614102e-06,2.65278141921153e-06,1.32639070960577e-06,6.18982331149357e-06
"248","grassRedDry2_bin.42.orig",5.62933106658936e-07,5.62933106658936e-07,2.81466553329468e-07,5.62933106658936e-07,1.40733276664734e-06,2.81466553329468e-07,8.44399659988404e-06
"249","grassRedDry2_bin.43.orig",9.22642216647925e-07,9.22642216647925e-07,4.61321108323963e-07,9.22642216647925e-07,1.84528443329585e-06,9.22642216647925e-07,5.76651385404953e-06
"250","grassRedDry2_bin.44.strict",7.63812984973507e-07,1.01841731329801e-06,5.09208656649005e-07,5.09208656649005e-07,2.54604328324502e-06,1.01841731329801e-06,6.36510820811256e-06
"251","grassRedDry2_bin.45.orig",7.21509397659905e-07,9.62012530213206e-07,2.40503132553302e-07,4.81006265106603e-07,2.16452819297971e-06,7.21509397659905e-07,5.77207518127924e-06
"252","grassRedDry2_bin.46.strict",1.98249752063904e-06,1.48687314047928e-06,9.91248760319519e-07,9.91248760319519e-07,3.96499504127808e-06,1.48687314047928e-06,9.91248760319519e-06
"253","grassRedDry2_bin.47.orig",9.59053912496401e-07,1.1988173906205e-06,2.397634781241e-07,4.795269562482e-07,1.9181078249928e-06,9.59053912496401e-07,5.7543234749784e-06
"254","grassRedDry2_bin.48.orig",1.14337041817172e-06,6.86022250903034e-07,2.28674083634345e-07,2.28674083634345e-07,2.0580667527091e-06,9.14696334537379e-07,5.71685209085862e-06
"255","grassRedDry2_bin.49.strict",1.24548635744064e-06,9.96389085952508e-07,4.98194542976254e-07,1.24548635744064e-06,2.7400699863694e-06,9.96389085952508e-07,6.22743178720318e-06
"256","grassRedDry2_bin.5.orig",1.68062354494765e-06,1.26046765871073e-06,8.40311772473823e-07,1.26046765871073e-06,2.10077943118456e-06,1.26046765871073e-06,1.00837412696859e-05
"257","grassRedDry2_bin.50.orig",1.64547080868967e-06,1.31637664695173e-06,3.29094161737933e-07,9.87282485213799e-07,3.29094161737933e-06,1.31637664695173e-06,6.58188323475866e-06
"258","grassRedDry2_bin.51.strict",7.40136752600656e-07,9.86849003467541e-07,4.9342450173377e-07,9.86849003467541e-07,1.97369800693508e-06,9.86849003467541e-07,5.18095726820459e-06
"259","grassRedDry2_bin.52.orig",7.54640662755616e-07,7.54640662755616e-07,1.50928132551123e-06,7.54640662755616e-07,2.26392198826685e-06,7.54640662755616e-07,9.810328615823e-06
"260","grassRedDry2_bin.53.strict",1.20307481862143e-06,1.20307481862143e-06,6.01537409310716e-07,6.01537409310716e-07,3.6092244558643e-06,6.01537409310716e-07,8.42152373035003e-06
"261","grassRedDry2_bin.55.orig",4.26225665178429e-07,2.13112832589214e-07,2.13112832589214e-07,4.26225665178429e-07,6.39338497767643e-07,0,4.68848231696272e-06
"262","grassRedDry2_bin.6.orig",1.12335000946422e-06,5.61675004732112e-07,2.80837502366056e-07,5.61675004732112e-07,2.80837502366056e-06,1.12335000946422e-06,6.17842505205323e-06
"263","grassRedDry2_bin.7.orig",5.05268051016915e-07,5.05268051016915e-07,0,2.52634025508458e-07,7.57902076525373e-07,0,7.07375271423681e-06
"264","grassRedDry2_bin.8.strict",1.18951254370715e-06,1.78426881556073e-06,5.94756271853576e-07,5.94756271853576e-07,1.78426881556073e-06,5.94756271853576e-07,1.01108566215108e-05
"265","grassRedDry2_bin.9.permissive",0,4.44038888925892e-07,0,4.44038888925892e-07,4.44038888925892e-07,8.88077777851784e-07,1.28771277788509e-05
"266","grassRedWet1_bin.1.orig",7.11089536127852e-07,4.74059690751901e-07,2.37029845375951e-07,2.37029845375951e-07,1.18514922687975e-06,2.37029845375951e-07,5.21465659827091e-06
"267","grassRedWet1_bin.10.orig",9.19451877957474e-07,9.19451877957474e-07,4.59725938978737e-07,9.19451877957474e-07,1.83890375591495e-06,9.19451877957474e-07,9.65424471855348e-06
"268","grassRedWet1_bin.11.orig",1.21827955373608e-06,1.21827955373608e-06,4.06093184578693e-07,4.06093184578693e-07,2.84265229205085e-06,8.12186369157385e-07,1.01523296144673e-05
"269","grassRedWet1_bin.12.orig",1.14942132383452e-06,1.14942132383452e-06,3.83140441278172e-07,3.83140441278172e-07,1.53256176511269e-06,0,1.07279323557888e-05
"270","grassRedWet1_bin.13.orig",1.68430342894703e-06,8.42151714473514e-07,4.21075857236757e-07,8.42151714473514e-07,1.68430342894703e-06,8.42151714473514e-07,6.31613785855136e-06
"271","grassRedWet1_bin.14.orig",4.73441584173416e-07,0,9.46883168346832e-07,4.73441584173416e-07,1.42032475252025e-06,4.73441584173416e-07,8.04850693094807e-06
"272","grassRedWet1_bin.15.orig",1.04425664068904e-06,1.39234218758539e-06,6.96171093792695e-07,1.04425664068904e-06,2.78468437517078e-06,1.39234218758539e-06,8.70213867240869e-06
"273","grassRedWet1_bin.16.orig",7.80479885862621e-07,5.20319923908414e-07,2.60159961954207e-07,5.20319923908414e-07,1.82111973367945e-06,0,5.98367912494676e-06
"274","grassRedWet1_bin.17.orig",1.35845866020113e-06,8.15075196120677e-07,2.71691732040226e-07,8.15075196120677e-07,1.90184212428158e-06,1.35845866020113e-06,5.43383464080451e-06
"275","grassRedWet1_bin.18.orig",1.54070351603949e-06,8.80402009165425e-07,4.40201004582713e-07,6.60301506874069e-07,1.98090452062221e-06,1.10050251145678e-06,7.26331657561476e-06
"276","grassRedWet1_bin.19.orig",1.02786402318313e-06,1.02786402318313e-06,6.85242682122087e-07,1.02786402318313e-06,2.74097072848835e-06,1.71310670530522e-06,5.82456279803774e-06
"277","grassRedWet1_bin.2.permissive",1.56373143850782e-06,1.56373143850782e-06,5.21243812835942e-07,5.21243812835942e-07,3.64870668985159e-06,2.08497525134377e-06,1.09461200695548e-05
"278","grassRedWet1_bin.20.orig",1.37251905742711e-06,9.15012704951408e-07,9.15012704951408e-07,9.15012704951408e-07,2.28753176237852e-06,4.57506352475704e-07,6.86259528713556e-06
"279","grassRedWet1_bin.22.orig",3.495005287943e-07,3.495005287943e-07,3.495005287943e-07,3.495005287943e-07,1.0485015863829e-06,3.495005287943e-07,9.4365142774461e-06
"280","grassRedWet1_bin.23.orig",9.31399189775845e-07,9.31399189775845e-07,4.65699594887922e-07,4.65699594887922e-07,1.39709878466377e-06,0,8.3825927079826e-06
"281","grassRedWet1_bin.24.orig",1.1289552948756e-06,7.52636863250398e-07,3.76318431625199e-07,7.52636863250398e-07,2.25791058975119e-06,7.52636863250398e-07,8.27900549575438e-06
"282","grassRedWet1_bin.25.orig",1.36343246850812e-06,2.04514870276218e-06,6.81716234254059e-07,6.81716234254059e-07,2.04514870276218e-06,6.81716234254059e-07,1.09074597480649e-05
"283","grassRedWet1_bin.26.orig",1.08327613033545e-06,7.22184086890301e-07,3.6109204344515e-07,3.6109204344515e-07,3.24982839100635e-06,3.6109204344515e-07,7.94402495579331e-06
"284","grassRedWet1_bin.27.orig",1.40411508688898e-06,4.68038362296327e-07,4.68038362296327e-07,1.40411508688898e-06,1.40411508688898e-06,1.40411508688898e-06,9.82880560822287e-06
"285","grassRedWet1_bin.28.strict",1.92502638248657e-06,1.15501582949194e-06,7.70010552994629e-07,1.54002110598926e-06,2.6950369354812e-06,1.54002110598926e-06,5.3900738709624e-06
"286","grassRedWet1_bin.29.orig",1.1725649124607e-06,1.1725649124607e-06,5.8628245623035e-07,1.1725649124607e-06,3.22455350926693e-06,8.79423684345526e-07,6.74224824664903e-06
"287","grassRedWet1_bin.3.orig",7.23163057359847e-07,1.08474458603977e-06,7.23163057359847e-07,1.08474458603977e-06,2.89265222943939e-06,1.80790764339962e-06,7.95479363095832e-06
"288","grassRedWet1_bin.30.orig",5.62168373363001e-07,5.62168373363001e-07,2.810841866815e-07,2.810841866815e-07,8.43252560044501e-07,0,7.30818885371901e-06
"289","grassRedWet1_bin.31.strict",1.50450825899809e-06,1.50450825899809e-06,6.01803303599235e-07,1.20360660719847e-06,1.50450825899809e-06,9.02704955398853e-07,8.12434459858967e-06
"290","grassRedWet1_bin.32.orig",9.52343160985675e-07,6.34895440657117e-07,3.17447720328558e-07,6.34895440657117e-07,1.26979088131423e-06,3.17447720328558e-07,7.6187452878854e-06
"291","grassRedWet1_bin.33.orig",6.06284931485256e-07,9.09427397227883e-07,3.03142465742628e-07,6.06284931485256e-07,2.72828219168365e-06,3.03142465742628e-07,6.36599178059518e-06
"292","grassRedWet1_bin.34.orig",9.53153460566612e-07,7.14865095424959e-07,2.38288365141653e-07,7.14865095424959e-07,2.14459528627488e-06,7.14865095424959e-07,6.43378585882463e-06
"293","grassRedWet1_bin.35.orig",2.08398892151489e-06,1.04199446075745e-06,1.04199446075745e-06,1.04199446075745e-06,4.68897507340851e-06,1.04199446075745e-06,8.8569529164383e-06
"294","grassRedWet1_bin.37.orig",5.36436942910235e-07,8.04655414365352e-07,2.68218471455117e-07,2.68218471455117e-07,1.34109235727559e-06,0,7.77833567219841e-06
"295","grassRedWet1_bin.38.orig",1.06224026897623e-06,6.37344161385739e-07,2.12448053795246e-07,2.12448053795246e-07,1.91203248415722e-06,8.49792215180986e-07,5.52364939867641e-06
"296","grassRedWet1_bin.39.orig",5.09924013673103e-07,5.09924013673103e-07,2.54962006836551e-07,2.54962006836551e-07,1.01984802734621e-06,0,7.13893619142344e-06
"297","grassRedWet1_bin.4.orig",1.26182009978473e-06,1.26182009978473e-06,3.15455024946183e-07,6.30910049892367e-07,2.52364019956947e-06,1.26182009978473e-06,6.94001054881603e-06
"298","grassRedWet1_bin.40.permissive",1.2111680595604e-06,1.2111680595604e-06,6.055840297802e-07,1.2111680595604e-06,2.4223361191208e-06,1.2111680595604e-06,6.055840297802e-06
"299","grassRedWet1_bin.41.strict",1.797178250429e-06,5.99059416809667e-07,8.98589125214501e-07,1.49764854202417e-06,2.99529708404834e-06,1.49764854202417e-06,5.09200504288217e-06
"300","grassRedWet1_bin.42.orig",1.14365835722626e-06,7.62438904817508e-07,3.81219452408754e-07,3.81219452408754e-07,2.28731671445253e-06,3.81219452408754e-07,6.86195014335757e-06
"301","grassRedWet1_bin.43.orig",1.01714603063847e-06,1.01714603063847e-06,3.39048676879491e-07,6.78097353758982e-07,2.03429206127695e-06,1.01714603063847e-06,6.78097353758982e-06
"302","grassRedWet1_bin.44.orig",8.19178162239327e-07,1.09223754965244e-06,2.73059387413109e-07,5.46118774826218e-07,1.91141571189176e-06,1.36529693706555e-06,5.73424713567529e-06
"303","grassRedWet1_bin.45.orig",9.15400934166653e-07,4.57700467083327e-07,0,4.57700467083327e-07,1.37310140124998e-06,9.15400934166653e-07,8.23860840749988e-06
"304","grassRedWet1_bin.47.orig",1.45828449599318e-06,1.09371337199489e-06,3.64571123998295e-07,1.09371337199489e-06,2.18742674398977e-06,7.29142247996591e-07,7.6559936039642e-06
"305","grassRedWet1_bin.48.orig",1.88181097961434e-06,9.40905489807171e-07,4.70452744903585e-07,9.40905489807171e-07,3.76362195922868e-06,1.41135823471076e-06,8.93860215316812e-06
"306","grassRedWet1_bin.49.strict",8.01919903170845e-07,1.06922653756113e-06,2.67306634390282e-07,2.67306634390282e-07,1.33653317195141e-06,5.34613268780563e-07,6.68266585975704e-06
"307","grassRedWet1_bin.5.orig",1.54057046091711e-06,1.23245636873369e-06,3.08114092183423e-07,9.24342276550268e-07,3.08114092183423e-06,1.23245636873369e-06,6.16228184366846e-06
"308","grassRedWet1_bin.50.orig",1.10693509596758e-06,7.37956730645055e-07,3.68978365322528e-07,7.37956730645055e-07,1.10693509596758e-06,1.10693509596758e-06,7.74854567177308e-06
"309","grassRedWet1_bin.51.orig",6.02423066056292e-07,1.20484613211258e-06,3.01211533028146e-07,3.01211533028146e-07,1.20484613211258e-06,9.03634599084437e-07,9.63876905690067e-06
"310","grassRedWet1_bin.52.orig",1.2110481500634e-06,1.2110481500634e-06,6.05524075031699e-07,1.2110481500634e-06,1.2110481500634e-06,6.05524075031699e-07,1.02939092755389e-05
"311","grassRedWet1_bin.53.orig",5.46927769984057e-07,5.46927769984057e-07,2.73463884992029e-07,5.46927769984057e-07,1.09385553996811e-06,5.46927769984057e-07,8.20391654976086e-06
"312","grassRedWet1_bin.54.orig",1.06263968730765e-06,5.31319843653823e-07,5.31319843653823e-07,7.96979765480734e-07,2.3909392964422e-06,1.59395953096147e-06,6.9071579674997e-06
"313","grassRedWet1_bin.55.orig",7.25479868659125e-07,1.45095973731825e-06,7.25479868659125e-07,1.45095973731825e-06,2.17643960597737e-06,1.45095973731825e-06,1.1607677898546e-05
"314","grassRedWet1_bin.56.orig",2.58222781704916e-06,1.29111390852458e-06,6.4555695426229e-07,6.4555695426229e-07,4.51889867983603e-06,6.4555695426229e-07,7.10112649688519e-06
"315","grassRedWet1_bin.57.orig",1.33722555117094e-06,1.33722555117094e-06,4.45741850390314e-07,1.33722555117094e-06,2.67445110234188e-06,1.78296740156126e-06,9.36057885819659e-06
"316","grassRedWet1_bin.58.permissive",1.55808785226419e-06,1.03872523484279e-06,5.19362617421396e-07,1.03872523484279e-06,2.59681308710698e-06,2.59681308710698e-06,9.86788973100652e-06
"317","grassRedWet1_bin.59.orig",1.30163589599409e-06,6.50817947997043e-07,3.25408973998521e-07,6.50817947997043e-07,1.62704486999261e-06,3.25408973998521e-07,6.83358845396895e-06
"318","grassRedWet1_bin.6.orig",2.00859679427952e-06,6.69532264759839e-07,6.69532264759839e-07,1.33906452951968e-06,2.00859679427952e-06,0,1.00429839713976e-05
"319","grassRedWet1_bin.7.orig",1.36766725202825e-06,1.02575043902119e-06,3.41916813007063e-07,3.41916813007063e-07,3.41916813007063e-06,1.02575043902119e-06,5.81258582112006e-06
"320","grassRedWet1_bin.8.orig",1.50600878680827e-06,7.53004393404133e-07,3.76502196702067e-07,7.53004393404133e-07,3.01201757361653e-06,1.1295065901062e-06,6.02403514723307e-06
"321","grassRedWet1_bin.9.orig",9.4083821157946e-07,7.05628658684595e-07,4.7041910578973e-07,9.4083821157946e-07,2.35209552894865e-06,9.4083821157946e-07,6.35065792816136e-06
"322","grassRedWet2_bin.1.orig",1.55429623020992e-06,1.16572217265744e-06,7.77148115104962e-07,1.55429623020992e-06,2.72001840286737e-06,1.16572217265744e-06,8.54862926615458e-06
"323","grassRedWet2_bin.10.orig",1.54443791919424e-06,1.54443791919424e-06,1.15832843939568e-06,1.15832843939568e-06,2.70276635858991e-06,3.86109479798559e-07,6.17775167677694e-06
"324","grassRedWet2_bin.11.orig",7.64763569518665e-07,5.0984237967911e-07,2.54921189839555e-07,2.54921189839555e-07,1.27460594919778e-06,0,6.62795093582843e-06
"325","grassRedWet2_bin.12.permissive",4.22875804970524e-07,6.34313707455787e-07,4.22875804970524e-07,8.45751609941049e-07,1.48006531739684e-06,6.34313707455787e-07,5.49738546461682e-06
"326","grassRedWet2_bin.13.orig",1.26180019772409e-06,6.30900098862045e-07,3.15450049431023e-07,6.30900098862045e-07,2.20815034601716e-06,6.30900098862045e-07,5.67810088975841e-06
"327","grassRedWet2_bin.14.orig",2.96934154851162e-07,2.96934154851162e-07,0,2.96934154851162e-07,5.93868309702323e-07,2.96934154851162e-07,5.04788063246975e-06
"328","grassRedWet2_bin.15.permissive",3.98684341672481e-06,1.32894780557494e-06,2.65789561114987e-06,2.65789561114987e-06,3.98684341672481e-06,0,1.19605302501744e-05
"329","grassRedWet2_bin.17.orig",1.81355971394723e-06,4.53389928486807e-07,4.53389928486807e-07,9.06779856973613e-07,3.17372949940765e-06,9.06779856973613e-07,6.34745899881529e-06
"330","grassRedWet2_bin.18.orig",8.24952276510804e-07,5.49968184340536e-07,5.49968184340536e-07,5.49968184340536e-07,1.92488864519188e-06,0,6.04965002774589e-06
"331","grassRedWet2_bin.19.strict",2.93683599973568e-06,1.46841799986784e-06,2.93683599973568e-06,2.93683599973568e-06,4.40525399960353e-06,0,1.46841799986784e-05
"332","grassRedWet2_bin.20.strict",1.15996317503574e-06,7.73308783357158e-07,3.86654391678579e-07,9.66635979196447e-07,2.12659915423218e-06,1.15996317503574e-06,5.4131614835001e-06
"333","grassRedWet2_bin.21.permissive",1.16237521611461e-06,6.97425129668767e-07,4.64950086445845e-07,9.2990017289169e-07,2.55722547545215e-06,1.62732530256046e-06,4.64950086445845e-06
"334","grassRedWet2_bin.22.orig",1.0999748262904e-06,7.85696304493146e-07,3.14278521797258e-07,6.28557043594517e-07,1.72853186988492e-06,9.42835565391775e-07,5.18559560965476e-06
"335","grassRedWet2_bin.23.orig",4.16720840375916e-07,4.16720840375916e-07,2.08360420187958e-07,4.16720840375916e-07,1.25016252112775e-06,4.16720840375916e-07,5.83409176526282e-06
"336","grassRedWet2_bin.25.orig",6.06086869824965e-07,1.51521717456241e-06,3.03043434912483e-07,6.06086869824965e-07,1.8182606094749e-06,9.09130304737448e-07,6.06086869824965e-06
"337","grassRedWet2_bin.26.permissive",1.08307534478621e-06,8.66460275828964e-07,4.33230137914482e-07,8.66460275828964e-07,2.38276575852965e-06,1.08307534478621e-06,5.84860686184551e-06
"338","grassRedWet2_bin.27.orig",1.93862788764682e-06,1.93862788764682e-06,9.6931394382341e-07,1.93862788764682e-06,3.39259880338194e-06,1.45397091573512e-06,7.75451155058728e-06
"339","grassRedWet2_bin.28.orig",1.73960037900094e-06,1.15973358600062e-06,2.89933396500156e-07,8.69800189500468e-07,2.89933396500156e-06,1.44966698250078e-06,7.53826830900406e-06
"340","grassRedWet2_bin.29.orig",7.20333687377341e-07,7.20333687377341e-07,3.6016684368867e-07,3.6016684368867e-07,1.44066737475468e-06,3.6016684368867e-07,8.64400424852809e-06
"341","grassRedWet2_bin.3.orig",1.10062621963143e-06,9.17188516359525e-07,3.6687540654381e-07,7.3375081308762e-07,1.65093932944714e-06,1.28406392290333e-06,5.31969339488524e-06
"342","grassRedWet2_bin.30.orig",9.61320931866059e-07,1.28176124248808e-06,6.40880621244039e-07,1.28176124248808e-06,1.92264186373212e-06,1.28176124248808e-06,8.65188838679453e-06
"343","grassRedWet2_bin.31.strict",9.31725746153929e-07,7.45380596923143e-07,3.72690298461572e-07,7.45380596923143e-07,2.23614179076943e-06,1.3044160446155e-06,5.03131902923122e-06
"344","grassRedWet2_bin.32.orig",1.46266189838888e-06,9.75107932259252e-07,4.87553966129626e-07,9.75107932259252e-07,3.41287776290738e-06,1.9502158645185e-06,7.31330949194439e-06
"345","grassRedWet2_bin.33.permissive",7.44274113178787e-07,1.48854822635757e-06,0,0,7.44274113178787e-07,0,1.48854822635757e-05
"346","grassRedWet2_bin.34.orig",7.04784961298496e-07,3.52392480649248e-07,3.52392480649248e-07,7.04784961298496e-07,1.40956992259699e-06,3.52392480649248e-07,8.1050270549327e-06
"347","grassRedWet2_bin.35.orig",0,3.89117928024857e-07,0,3.89117928024857e-07,0,3.89117928024857e-07,7.78235856049714e-06
"348","grassRedWet2_bin.36.orig",1.08399673933781e-06,1.44532898578374e-06,7.22664492891872e-07,1.08399673933781e-06,3.25199021801342e-06,1.08399673933781e-06,8.67197391470246e-06
"349","grassRedWet2_bin.37.strict",1.65549264315624e-06,1.32439411452499e-06,3.31098528631249e-07,6.62197057262497e-07,3.97318234357498e-06,1.32439411452499e-06,6.95306910125622e-06
"350","grassRedWet2_bin.4.orig",1.1948513853804e-06,5.97425692690198e-07,1.99141897563399e-07,7.96567590253597e-07,1.99141897563399e-06,7.96567590253597e-07,5.37683123421178e-06
"351","grassRedWet2_bin.40.orig",2.83314932028498e-07,5.66629864056996e-07,0,0,8.49944796085494e-07,0,5.09966877651297e-06
"352","grassRedWet2_bin.5.orig",1.03527299320612e-06,8.282183945649e-07,4.1410919728245e-07,8.282183945649e-07,1.6564367891298e-06,8.282183945649e-07,4.76225576874817e-06
"353","grassRedWet2_bin.6.orig",1.9019542580001e-06,7.60781703200038e-07,3.80390851600019e-07,7.60781703200038e-07,1.9019542580001e-06,1.14117255480006e-06,8.36859873520042e-06
"354","grassRedWet2_bin.7.strict",1.0284789947564e-06,8.22783195805122e-07,4.11391597902561e-07,8.22783195805122e-07,1.85126219056152e-06,8.22783195805122e-07,3.90822018007433e-06
"355","grassRedWet2_bin.8.orig",2.00105555680622e-06,2.00105555680622e-06,1.00052777840311e-06,2.00105555680622e-06,3.50184722441088e-06,1.50079166760466e-06,6.00316667041865e-06
"356","grassRedWet2_bin.9.orig",1.55965606464462e-06,9.35793638786775e-07,3.11931212928925e-07,1.2477248517157e-06,2.18351849050247e-06,6.2386242585785e-07,7.79828032322312e-06
"357","shrubAmbDry1_bin.1.orig",4.44791777401286e-07,4.44791777401286e-07,2.22395888700643e-07,4.44791777401286e-07,8.89583554802572e-07,4.44791777401286e-07,5.78229310621672e-06
"358","shrubAmbDry1_bin.10.orig",9.70497600808619e-07,7.27873200606464e-07,2.42624400202155e-07,4.85248800404309e-07,1.45574640121293e-06,4.85248800404309e-07,9.94760040828834e-06
"359","shrubAmbDry1_bin.11.orig",6.83046812271756e-07,6.83046812271756e-07,0,6.83046812271756e-07,1.70761703067939e-06,3.41523406135878e-07,5.46437449817405e-06
"360","shrubAmbDry1_bin.12.orig",1.03556867736133e-06,0,5.17784338680665e-07,5.17784338680665e-07,1.55335301604199e-06,0,4.66005904812598e-06
"361","shrubAmbDry1_bin.15.orig",7.39366145628302e-07,5.28118675448787e-07,2.11247470179515e-07,4.2249494035903e-07,1.26748482107709e-06,5.28118675448787e-07,4.01370193341078e-06
"362","shrubAmbDry1_bin.16.orig",5.70188926398873e-07,5.70188926398873e-07,1.90062975466291e-07,5.70188926398873e-07,1.52050380373033e-06,7.60251901865164e-07,6.84226711678648e-06
"363","shrubAmbDry1_bin.17.orig",4.34052833779033e-07,8.68105667558067e-07,8.68105667558067e-07,8.68105667558067e-07,8.68105667558067e-07,0,6.94484534046453e-06
"364","shrubAmbDry1_bin.2.orig",7.48959545399531e-07,5.99167636319625e-07,2.99583818159812e-07,5.99167636319625e-07,1.49791909079906e-06,7.48959545399531e-07,4.04438154515747e-06
"365","shrubAmbDry1_bin.3.orig",7.32054060728277e-07,4.88036040485518e-07,2.44018020242759e-07,4.88036040485518e-07,1.70812614169931e-06,7.32054060728277e-07,7.80857664776828e-06
"366","shrubAmbDry1_bin.4.orig",8.91970349121654e-07,8.91970349121654e-07,4.45985174560827e-07,4.45985174560827e-07,3.12189622192579e-06,4.45985174560827e-07,7.58174796753406e-06
"367","shrubAmbDry1_bin.5.orig",7.6062073751308e-07,7.6062073751308e-07,2.53540245837693e-07,5.07080491675386e-07,1.52124147502616e-06,5.07080491675386e-07,1.19163915543716e-05
"368","shrubAmbDry1_bin.6.orig",1.34202518310256e-06,6.7101259155128e-07,4.47341727700854e-07,8.94683455401707e-07,2.23670863850427e-06,8.94683455401707e-07,5.8154424601111e-06
"369","shrubAmbDry1_bin.7.orig",1.17298991316649e-06,8.79742434874867e-07,2.93247478291622e-07,8.79742434874867e-07,2.34597982633298e-06,8.79742434874867e-07,7.33118695729056e-06
"370","shrubAmbDry1_bin.8.orig",1.09809201022763e-06,1.09809201022763e-06,5.49046005113815e-07,5.49046005113815e-07,1.64713801534144e-06,1.09809201022763e-06,9.33378208693485e-06
"371","shrubAmbDry1_bin.9.strict",9.01009671437813e-07,9.01009671437813e-07,3.00336557145938e-07,6.00673114291875e-07,1.80201934287563e-06,0,1.05117795001078e-05
"372","shrubAmbDry2_bin.1.orig",8.11401489165153e-07,8.11401489165153e-07,4.05700744582577e-07,8.11401489165153e-07,2.43420446749546e-06,4.05700744582577e-07,8.51971563623411e-06
"373","shrubAmbDry2_bin.10.orig",6.60587500099088e-07,6.60587500099088e-07,0,6.60587500099088e-07,2.31205625034681e-06,6.60587500099088e-07,5.2847000007927e-06
"374","shrubAmbDry2_bin.11.orig",1.13998351583836e-06,7.59989010558907e-07,7.59989010558907e-07,7.59989010558907e-07,3.03995604223563e-06,7.59989010558907e-07,6.45990658975071e-06
"375","shrubAmbDry2_bin.12.strict",1.1170263863973e-06,8.9362110911784e-07,2.2340527727946e-07,6.7021583183838e-07,2.2340527727946e-06,8.9362110911784e-07,5.36172665470704e-06
"376","shrubAmbDry2_bin.13.orig",2.15210195798236e-06,1.72168156638589e-06,8.60840783192945e-07,1.72168156638589e-06,4.30420391596472e-06,1.72168156638589e-06,9.03882822352592e-06
"377","shrubAmbDry2_bin.14.orig",1.27154918240977e-06,1.27154918240977e-06,3.17887295602443e-07,6.35774591204885e-07,2.86098566042198e-06,6.35774591204885e-07,6.35774591204885e-06
"378","shrubAmbDry2_bin.15.orig",4.39989017874114e-07,8.79978035748228e-07,4.39989017874114e-07,4.39989017874114e-07,2.19994508937057e-06,4.39989017874114e-07,7.91980232173405e-06
"379","shrubAmbDry2_bin.16.orig",3.53602287948244e-06,7.07204575896488e-07,7.07204575896488e-07,2.12161372768946e-06,6.36484118306839e-06,1.41440915179298e-06,1.06080686384473e-05
"380","shrubAmbDry2_bin.17.orig",1.89468399039395e-06,1.42101299279546e-06,9.47341995196976e-07,9.47341995196976e-07,3.7893679807879e-06,1.89468399039395e-06,9.47341995196976e-06
"381","shrubAmbDry2_bin.2.orig",2.13020108565698e-06,1.06510054282849e-06,5.32550271414246e-07,1.06510054282849e-06,3.19530162848547e-06,5.32550271414246e-07,4.79295244272821e-06
"382","shrubAmbDry2_bin.3.orig",7.13405804662e-07,7.13405804662e-07,1.783514511655e-07,5.350543534965e-07,1.426811609324e-06,7.13405804662e-07,5.1721920837995e-06
"383","shrubAmbDry2_bin.4.orig",4.35865735047245e-07,4.35865735047245e-07,2.17932867523622e-07,4.35865735047245e-07,1.08966433761811e-06,2.17932867523622e-07,6.32005315818505e-06
"384","shrubAmbDry2_bin.5.orig",0,5.59890194335087e-07,2.79945097167544e-07,2.79945097167544e-07,2.79945097167544e-07,0,5.03901174901578e-06
"385","shrubAmbDry2_bin.6.orig",7.52976408173451e-07,5.37840291552465e-07,2.15136116620986e-07,4.30272233241972e-07,1.29081669972592e-06,6.45408349862958e-07,3.98001815748824e-06
"386","shrubAmbDry2_bin.7.orig",1.6817088516325e-06,4.20427212908124e-07,4.20427212908124e-07,1.26128163872437e-06,2.94299049035687e-06,1.26128163872437e-06,7.98811704525437e-06
"387","shrubAmbDry2_bin.8.orig",1.57471077484037e-06,1.57471077484037e-06,7.87355387420187e-07,1.96838846855047e-06,3.54309924339084e-06,1.96838846855047e-06,5.9051654056514e-06
"388","shrubAmbDry2_bin.9.orig",4.23440210348159e-07,4.23440210348159e-07,4.23440210348159e-07,2.11720105174079e-07,1.0586005258704e-06,2.11720105174079e-07,7.41020368109278e-06
"389","shrubAmbWet1_bin.1.strict",6.16065509942065e-07,1.23213101988413e-06,0,0,6.16065509942065e-07,6.16065509942065e-07,9.24098264913098e-06
"390","shrubAmbWet1_bin.10.orig",4.04996031038896e-07,4.04996031038896e-07,2.02498015519448e-07,4.04996031038896e-07,1.01249007759724e-06,4.04996031038896e-07,5.66994443454454e-06
"391","shrubAmbWet1_bin.11.orig",7.82781315949326e-07,5.21854210632884e-07,2.60927105316442e-07,5.21854210632884e-07,1.30463552658221e-06,0,5.47946921164528e-06
"392","shrubAmbWet1_bin.12.strict",1.56915214263802e-06,1.04610142842535e-06,5.23050714212674e-07,1.30762678553168e-06,2.87677892816971e-06,1.56915214263802e-06,7.0611846418711e-06
"393","shrubAmbWet1_bin.13.orig",1.35144083865013e-06,9.00960559100085e-07,4.50480279550042e-07,9.00960559100085e-07,2.25240139775021e-06,9.00960559100085e-07,6.30672391370059e-06
"394","shrubAmbWet1_bin.14.orig",3.97953088494022e-07,7.95906176988044e-07,0,0,3.97953088494022e-07,0,5.96929632741033e-06
"395","shrubAmbWet1_bin.15.orig",1.55532303476186e-06,1.16649227607139e-06,3.88830758690465e-07,7.77661517380929e-07,2.72181531083325e-06,1.16649227607139e-06,3.88830758690465e-06
"396","shrubAmbWet1_bin.16.orig",8.33206963610519e-07,5.55471309073679e-07,2.7773565453684e-07,2.7773565453684e-07,8.33206963610519e-07,2.7773565453684e-07,5.55471309073679e-06
"397","shrubAmbWet1_bin.17.orig",1.33209892166592e-06,1.06567913733274e-06,2.66419784333185e-07,7.99259352999554e-07,2.39777805899866e-06,1.33209892166592e-06,6.66049460832961e-06
"398","shrubAmbWet1_bin.18.orig",1.39989295485205e-06,9.33261969901368e-07,9.33261969901368e-07,4.66630984950684e-07,3.73304787960547e-06,1.39989295485205e-06,8.39935772911231e-06
"399","shrubAmbWet1_bin.19.orig",1.35415237283606e-06,6.77076186418032e-07,4.51384124278688e-07,9.02768248557376e-07,1.80553649711475e-06,9.02768248557376e-07,5.6423015534836e-06
"400","shrubAmbWet1_bin.2.orig",8.9688017668027e-07,6.40628697628764e-07,2.56251479051506e-07,5.12502958103011e-07,1.28125739525753e-06,6.40628697628764e-07,4.22814940434984e-06
"401","shrubAmbWet1_bin.20.strict",7.3388947477732e-07,7.3388947477732e-07,2.44629824925773e-07,4.89259649851546e-07,1.46777894955464e-06,2.44629824925773e-07,1.17422315964371e-05
"402","shrubAmbWet1_bin.21.orig",6.80541779310509e-07,6.80541779310509e-07,3.40270889655255e-07,3.40270889655255e-07,2.04162533793153e-06,0,6.12487601379458e-06
"403","shrubAmbWet1_bin.22.orig",5.68283528017799e-07,1.7048505840534e-06,5.68283528017799e-07,5.68283528017799e-07,2.84141764008899e-06,1.1365670560356e-06,7.38768586423138e-06
"404","shrubAmbWet1_bin.3.orig",1.43069615835599e-06,8.17540661917709e-07,4.08770330958855e-07,1.02192582739714e-06,2.2482368202737e-06,1.22631099287656e-06,6.54032529534167e-06
"405","shrubAmbWet1_bin.4.permissive",1.07677050682511e-06,1.07677050682511e-06,3.58923502275037e-07,3.58923502275037e-07,2.87138801820029e-06,3.58923502275037e-07,7.17847004550073e-06
"406","shrubAmbWet1_bin.5.orig",5.21788586918238e-07,7.82682880377358e-07,2.60894293459119e-07,2.60894293459119e-07,2.08715434767295e-06,7.82682880377358e-07,7.30504021685534e-06
"407","shrubAmbWet1_bin.6.strict",1.16314009053107e-06,1.55085345404143e-06,3.87713363510357e-07,7.75426727020714e-07,2.32628018106214e-06,3.87713363510357e-07,1.00805474512693e-05
"408","shrubAmbWet1_bin.7.orig",1.79928037781289e-06,4.49820094453223e-07,4.49820094453223e-07,4.49820094453223e-07,3.59856075562579e-06,0,5.39784113343868e-06
"409","shrubAmbWet1_bin.8.orig",7.19411780152076e-07,5.39558835114057e-07,1.79852945038019e-07,5.39558835114057e-07,1.43882356030415e-06,8.99264725190096e-07,6.47470602136869e-06
"410","shrubAmbWet1_bin.9.strict",7.68543070978987e-07,9.60678838723734e-07,1.92135767744747e-07,3.84271535489494e-07,1.72922190970272e-06,9.60678838723734e-07,5.76407303234241e-06
"411","shrubAmbWet2_bin.1.orig",6.45353647345209e-07,4.30235764896806e-07,2.15117882448403e-07,6.45353647345209e-07,1.50582517713882e-06,6.45353647345209e-07,5.59306494365848e-06
"412","shrubAmbWet2_bin.10.strict",1.07929167382597e-06,8.63433339060774e-07,4.31716669530387e-07,1.07929167382597e-06,1.94272501288674e-06,1.07929167382597e-06,6.04403337342542e-06
"413","shrubAmbWet2_bin.11.orig",8.64064880903777e-07,6.48048660677833e-07,2.16016220225944e-07,6.48048660677833e-07,1.72812976180755e-06,6.48048660677833e-07,5.40040550564861e-06
"414","shrubAmbWet2_bin.12.orig",7.21964841756136e-07,7.21964841756136e-07,3.60982420878068e-07,7.21964841756136e-07,1.80491210439034e-06,3.60982420878068e-07,8.30259568019557e-06
"415","shrubAmbWet2_bin.13.orig",6.19372459256751e-07,6.19372459256751e-07,2.477489837027e-07,3.7162347555405e-07,1.2387449185135e-06,6.19372459256751e-07,3.59236026368915e-06
"416","shrubAmbWet2_bin.14.orig",1.10057736288457e-06,7.33718241923046e-07,7.33718241923046e-07,1.10057736288457e-06,2.20115472576914e-06,1.46743648384609e-06,5.50288681442285e-06
"417","shrubAmbWet2_bin.15.orig",4.40238503611717e-07,8.80477007223433e-07,4.40238503611717e-07,4.40238503611717e-07,1.32071551083515e-06,0,9.24500857584605e-06
"418","shrubAmbWet2_bin.16.orig",7.80873899407043e-07,1.95218474851761e-06,3.90436949703522e-07,3.90436949703522e-07,2.34262169822113e-06,3.90436949703522e-07,8.58961289347748e-06
"419","shrubAmbWet2_bin.17.strict",1.17043499919006e-06,1.17043499919006e-06,2.34086999838012e-07,4.68173999676024e-07,2.10678299854211e-06,9.36347999352047e-07,5.8521749959503e-06
"420","shrubAmbWet2_bin.18.strict",1.40773196783332e-06,9.3848797855555e-07,4.69243989277775e-07,1.17310997319444e-06,2.58084194102776e-06,1.40773196783332e-06,6.56941584988885e-06
"421","shrubAmbWet2_bin.19.orig",9.24964134515684e-07,1.38744620177353e-06,4.62482067257842e-07,9.24964134515684e-07,2.77489240354705e-06,2.31241033628921e-06,9.71212341241468e-06
"422","shrubAmbWet2_bin.2.permissive",1.55151816052007e-06,1.55151816052007e-06,3.87879540130017e-07,1.16363862039005e-06,3.10303632104014e-06,1.55151816052007e-06,5.43031356182024e-06
"423","shrubAmbWet2_bin.20.orig",8.6567195188249e-07,8.6567195188249e-07,2.88557317294163e-07,5.77114634588327e-07,1.15422926917665e-06,2.88557317294163e-07,6.3482609804716e-06
"424","shrubAmbWet2_bin.21.orig",7.24952352506631e-07,7.24952352506631e-07,2.41650784168877e-07,4.83301568337754e-07,1.20825392084439e-06,2.41650784168877e-07,5.3163172517153e-06
"425","shrubAmbWet2_bin.22.orig",1.31103094885209e-06,1.31103094885209e-06,6.55515474426047e-07,1.31103094885209e-06,3.27757737213024e-06,1.63878868606512e-06,6.55515474426047e-06
"426","shrubAmbWet2_bin.23.orig",8.89157085011123e-07,8.89157085011123e-07,2.96385695003708e-07,8.89157085011123e-07,1.77831417002225e-06,5.92771390007416e-07,5.03855681506303e-06
"427","shrubAmbWet2_bin.24.strict",0,0,0,4.02415134672249e-07,0,4.02415134672249e-07,5.63381188541149e-06
"428","shrubAmbWet2_bin.3.permissive",1.132774543203e-06,6.79664725921801e-07,4.53109817281201e-07,1.132774543203e-06,2.0389941777654e-06,1.3593294518436e-06,4.75765308145261e-06
"429","shrubAmbWet2_bin.4.orig",7.22101430699565e-07,7.22101430699565e-07,7.22101430699565e-07,7.22101430699565e-07,1.44420286139913e-06,0,6.1378621609463e-06
"430","shrubAmbWet2_bin.5.orig",1.27214162498283e-06,8.48094416655217e-07,4.24047208327609e-07,1.06011802081902e-06,2.54428324996565e-06,8.48094416655217e-07,5.93666091658652e-06
"431","shrubAmbWet2_bin.6.orig",4.1356048280705e-07,4.1356048280705e-07,2.06780241403525e-07,4.1356048280705e-07,1.86102217263173e-06,4.1356048280705e-07,6.41018748350928e-06
"432","shrubAmbWet2_bin.7.orig",7.47456778311794e-07,1.12118516746769e-06,3.73728389155897e-07,3.73728389155897e-07,1.49491355662359e-06,3.73728389155897e-07,8.59575295058563e-06
"433","shrubAmbWet2_bin.8.orig",3.62930365095245e-07,3.62930365095245e-07,1.81465182547622e-07,3.62930365095245e-07,9.07325912738112e-07,3.62930365095245e-07,5.26249029388105e-06
"434","shrubAmbWet2_bin.9.orig",8.11404734013414e-07,5.79574810009582e-07,2.31829924003833e-07,4.63659848007665e-07,1.390979544023e-06,5.79574810009582e-07,4.40476855607282e-06
"435","shrubRedDry1_bin.1.orig",1.04384351533093e-06,4.17537406132372e-07,4.17537406132372e-07,6.26306109198558e-07,1.4613809214633e-06,1.04384351533093e-06,6.26306109198558e-06
"436","shrubRedDry1_bin.10.orig",1.4143451369864e-06,1.13147610958912e-06,5.65738054794559e-07,1.4143451369864e-06,2.8286902739728e-06,8.48607082191839e-07,8.20320179452111e-06
"437","shrubRedDry1_bin.12.orig",7.37284605374559e-07,4.91523070249706e-07,2.45761535124853e-07,4.91523070249706e-07,1.72033074587397e-06,4.91523070249706e-07,1.15507921508681e-05
"438","shrubRedDry1_bin.2.strict",2.09791207398748e-06,1.25874724439249e-06,8.39164829594994e-07,2.09791207398748e-06,4.61540656277247e-06,1.67832965918999e-06,7.97206588115244e-06
"439","shrubRedDry1_bin.3.orig",1.59002482028744e-06,1.59002482028744e-06,0,1.59002482028744e-06,1.59002482028744e-06,1.59002482028744e-06,9.54014892172467e-06
"440","shrubRedDry1_bin.4.orig",4.32964815330765e-07,4.32964815330765e-07,2.16482407665382e-07,4.32964815330765e-07,1.29889444599229e-06,4.32964815330765e-07,5.62854259929994e-06
"441","shrubRedDry1_bin.5.orig",6.43555584539392e-07,8.5807411271919e-07,4.29037056359595e-07,6.43555584539392e-07,1.50162969725858e-06,8.5807411271919e-07,4.29037056359595e-06
"442","shrubRedDry1_bin.6.orig",6.87712503163478e-07,9.1695000421797e-07,2.29237501054493e-07,4.58475002108985e-07,1.83390000843594e-06,4.58475002108985e-07,1.10034000506156e-05
"443","shrubRedDry1_bin.7.orig",1.33999339829919e-06,1.33999339829919e-06,4.4666446609973e-07,8.93328932199461e-07,2.67998679659838e-06,8.93328932199461e-07,1.60799207795903e-05
"444","shrubRedDry1_bin.8.strict",7.01601756810799e-07,7.01601756810799e-07,2.33867252270266e-07,4.67734504540533e-07,1.63707076589186e-06,4.67734504540533e-07,1.00562918476215e-05
"445","shrubRedDry1_bin.9.orig",2.43271594246335e-07,4.8654318849267e-07,0,0,4.8654318849267e-07,0,4.8654318849267e-06
"446","shrubRedDry2_bin.1.orig",9.75467956365367e-07,9.75467956365367e-07,9.75467956365367e-07,4.87733978182684e-07,2.9264038690961e-06,9.75467956365367e-07,8.77921160728831e-06
"447","shrubRedDry2_bin.10.orig",1.26547304436959e-06,1.68729739249279e-06,8.43648696246396e-07,1.26547304436959e-06,2.95277043686239e-06,1.68729739249279e-06,4.64006782935518e-06
"448","shrubRedDry2_bin.11.orig",1.2989082243405e-06,8.65938816227001e-07,4.329694081135e-07,4.329694081135e-07,2.1648470405675e-06,8.65938816227001e-07,7.79344934604301e-06
"449","shrubRedDry2_bin.12.orig",1.50672791683063e-06,7.53363958415314e-07,5.02242638943543e-07,1.00448527788709e-06,2.51121319471771e-06,7.53363958415314e-07,5.2735477089072e-06
"450","shrubRedDry2_bin.13.orig",1.71663063172866e-06,8.58315315864328e-07,5.72210210576218e-07,1.14442042115244e-06,2.57494594759298e-06,1.43052552644055e-06,6.86652252691462e-06
"451","shrubRedDry2_bin.14.strict",9.04607618906902e-07,9.04607618906902e-07,6.03071745937935e-07,9.04607618906902e-07,2.41228698375174e-06,1.8092152378138e-06,6.03071745937935e-06
"452","shrubRedDry2_bin.15.orig",1.24565112052547e-06,1.24565112052547e-06,3.11412780131366e-07,9.34238340394099e-07,2.8027150211823e-06,1.24565112052547e-06,7.78531950328416e-06
"453","shrubRedDry2_bin.16.orig",9.76451886309754e-07,7.32338914732315e-07,2.44112971577439e-07,4.88225943154877e-07,2.19701674419695e-06,9.76451886309754e-07,5.85871131785852e-06
"454","shrubRedDry2_bin.17.orig",1.33245864825623e-06,1.33245864825623e-06,8.88305765504156e-07,8.88305765504156e-07,3.10907017926454e-06,1.77661153100831e-06,8.43890477228948e-06
"455","shrubRedDry2_bin.18.strict",7.57141548369609e-07,1.00952206449281e-06,5.04761032246406e-07,1.00952206449281e-06,2.01904412898562e-06,5.04761032246406e-07,5.04761032246406e-06
"456","shrubRedDry2_bin.19.orig",6.94564385423964e-07,4.63042923615976e-07,2.31521461807988e-07,4.63042923615976e-07,2.31521461807988e-06,1.15760730903994e-06,6.71412239243166e-06
"457","shrubRedDry2_bin.2.orig",1.21761499257458e-06,1.21761499257458e-06,8.11743328383052e-07,1.21761499257458e-06,2.43522998514916e-06,1.6234866567661e-06,8.52330494802205e-06
"458","shrubRedDry2_bin.20.orig",5.76909541737675e-07,5.76909541737675e-07,1.92303180579225e-07,1.92303180579225e-07,7.69212722316899e-07,1.92303180579225e-07,5.57679223679752e-06
"459","shrubRedDry2_bin.21.orig",8.57576852285603e-07,6.43182639214202e-07,2.14394213071401e-07,4.28788426142802e-07,1.92954791764261e-06,0,6.64622060521342e-06
"460","shrubRedDry2_bin.22.orig",9.43992722948897e-07,3.77597089179559e-07,1.88798544589779e-07,5.66395633769338e-07,1.32158981212846e-06,0,4.71996361474449e-06
"461","shrubRedDry2_bin.23.orig",9.98323814315764e-07,1.33109841908769e-06,3.32774604771921e-07,6.65549209543843e-07,2.32942223340345e-06,1.33109841908769e-06,5.98994288589458e-06
"462","shrubRedDry2_bin.24.orig",2.0038433715867e-06,1.1450533551924e-06,2.862633387981e-07,1.1450533551924e-06,4.00768674317341e-06,2.0038433715867e-06,5.43900343716391e-06
"463","shrubRedDry2_bin.25.orig",1.5030621132903e-06,7.5153105664515e-07,3.75765528322575e-07,7.5153105664515e-07,2.63035869825803e-06,7.5153105664515e-07,6.0122484531612e-06
"464","shrubRedDry2_bin.26.orig",5.84966022248598e-07,5.84966022248598e-07,2.92483011124299e-07,2.92483011124299e-07,1.46241505562149e-06,0,6.43462624473457e-06
"465","shrubRedDry2_bin.27.orig",4.04229616165789e-07,4.04229616165789e-07,4.04229616165789e-07,4.04229616165789e-07,1.01057404041447e-06,4.04229616165789e-07,6.06344424248684e-06
"466","shrubRedDry2_bin.3.orig",6.03920896025355e-07,1.20784179205071e-06,6.03920896025355e-07,1.20784179205071e-06,3.01960448012678e-06,1.81176268807606e-06,9.05881344038032e-06
"467","shrubRedDry2_bin.4.strict",8.63816207553151e-07,8.63816207553151e-07,2.8793873585105e-07,5.75877471702101e-07,1.43969367925525e-06,5.75877471702101e-07,1.29572431132973e-05
"468","shrubRedDry2_bin.5.orig",1.37364775825265e-06,9.15765172168431e-07,4.57882586084216e-07,1.37364775825265e-06,1.83153034433686e-06,4.57882586084216e-07,7.32612137734745e-06
"469","shrubRedDry2_bin.6.orig",2.36923781619453e-06,7.8974593873151e-07,7.8974593873151e-07,1.57949187746302e-06,3.15898375492604e-06,1.97436484682878e-06,8.68720532604661e-06
"470","shrubRedDry2_bin.8.orig",1.07010286684838e-06,6.42061720109031e-07,4.28041146739354e-07,8.56082293478708e-07,1.92618516032709e-06,1.07010286684838e-06,6.63463777445998e-06
"471","shrubRedDry2_bin.9.orig",1.42517273093499e-06,9.5011515395666e-07,4.7505757697833e-07,4.7505757697833e-07,2.85034546186998e-06,0,9.02609396258827e-06
"472","shrubRedWet1_bin.1.orig",1.79716317792365e-06,1.79716317792365e-06,8.98581588961824e-07,1.34787238344274e-06,4.04361715032821e-06,8.98581588961824e-07,1.0333688273061e-05
"473","shrubRedWet1_bin.10.orig",1.3212688276679e-06,1.3212688276679e-06,3.30317206916974e-07,9.90951620750923e-07,2.97285486225277e-06,1.3212688276679e-06,6.93666134525646e-06
"474","shrubRedWet1_bin.11.strict",7.03702695931942e-07,9.38270261242589e-07,2.34567565310647e-07,4.69135130621294e-07,1.40740539186388e-06,4.69135130621294e-07,1.12592431349111e-05
"475","shrubRedWet1_bin.13.strict",6.84962314515059e-07,6.84962314515059e-07,2.2832077150502e-07,4.56641543010039e-07,1.36992462903012e-06,4.56641543010039e-07,1.1644359346756e-05
"476","shrubRedWet1_bin.16.orig",1.35366416584732e-06,4.51221388615775e-07,4.51221388615775e-07,6.76832082923662e-07,2.03049624877099e-06,1.12805347153944e-06,4.28660319184986e-06
"477","shrubRedWet1_bin.17.orig",2.46850191555749e-06,1.97480153244599e-06,9.87400766222995e-07,1.48110114933449e-06,2.96220229866898e-06,1.48110114933449e-06,6.91180536356096e-06
"478","shrubRedWet1_bin.18.orig",1.3965812389561e-06,6.98290619478049e-07,6.98290619478049e-07,1.04743592921707e-06,2.79316247791219e-06,1.04743592921707e-06,5.93547026556341e-06
"479","shrubRedWet1_bin.19.orig",1.71360370001311e-06,1.71360370001311e-06,4.28400925003277e-07,1.71360370001311e-06,2.57040555001966e-06,8.56801850006554e-07,8.56801850006555e-06
"480","shrubRedWet1_bin.2.orig",4.32471331475436e-07,4.32471331475436e-07,2.16235665737718e-07,4.32471331475436e-07,1.08117832868859e-06,4.32471331475436e-07,5.83836297491839e-06
"481","shrubRedWet1_bin.20.strict",8.19125152493799e-07,8.19125152493799e-07,2.73041717497933e-07,5.46083434995866e-07,1.6382503049876e-06,2.73041717497933e-07,1.17407938524111e-05
"482","shrubRedWet1_bin.21.orig",1.6734749204681e-06,1.6734749204681e-06,5.57824973489368e-07,1.6734749204681e-06,2.23129989395747e-06,5.57824973489368e-07,8.36737460234052e-06
"483","shrubRedWet1_bin.23.orig",1.8461370321058e-06,7.3845481284232e-07,3.6922740642116e-07,3.6922740642116e-07,2.95381925136928e-06,7.3845481284232e-07,5.90763850273856e-06
"484","shrubRedWet1_bin.24.orig",1.19565508507325e-06,7.1739305104395e-07,2.3913101701465e-07,4.782620340293e-07,2.3913101701465e-06,9.565240680586e-07,7.6521925444688e-06
"485","shrubRedWet1_bin.25.orig",8.01127438088299e-07,5.72233884348785e-07,2.28893553739514e-07,4.57787107479028e-07,1.37336132243708e-06,5.72233884348785e-07,4.34897752105077e-06
"486","shrubRedWet1_bin.26.orig",2.48481158916125e-06,4.9696231783225e-07,4.9696231783225e-07,9.93924635664501e-07,4.9696231783225e-06,1.987849271329e-06,7.95139708531601e-06
"487","shrubRedWet1_bin.27.strict",1.3667538048148e-06,1.82233840641973e-06,9.11169203209867e-07,1.82233840641973e-06,3.64467681283947e-06,1.3667538048148e-06,7.28935362567893e-06
"488","shrubRedWet1_bin.29.orig",1.0387757681314e-06,6.92517178754265e-07,6.92517178754265e-07,1.0387757681314e-06,2.77006871501706e-06,1.0387757681314e-06,6.92517178754265e-06
"489","shrubRedWet1_bin.30.permissive",1.79373752418182e-06,1.19582501612122e-06,5.97912508060608e-07,1.19582501612122e-06,3.58747504836365e-06,1.49478127015152e-06,5.97912508060608e-06
"490","shrubRedWet1_bin.31.strict",1.41678445655218e-06,1.41678445655218e-06,4.72261485517393e-07,4.72261485517393e-07,2.83356891310436e-06,1.41678445655218e-06,7.55618376827829e-06
"491","shrubRedWet1_bin.32.orig",5.04364645551441e-07,1.00872929110288e-06,5.04364645551441e-07,7.56546968327161e-07,1.51309393665432e-06,5.04364645551441e-07,5.29582877829013e-06
"492","shrubRedWet1_bin.4.orig",1.96227641331978e-06,1.17736584799187e-06,7.8491056532791e-07,1.56982113065582e-06,2.74718697864769e-06,7.8491056532791e-07,8.63401621860701e-06
"493","shrubRedWet1_bin.5.permissive",5.29166324913415e-07,7.93749487370123e-07,2.64583162456708e-07,2.64583162456708e-07,1.05833264982683e-06,2.64583162456708e-07,4.49791376176403e-06
"494","shrubRedWet1_bin.6.orig",6.6688851824707e-07,1.00033277737061e-06,3.33444259123535e-07,6.6688851824707e-07,2.00066555474121e-06,1.00033277737061e-06,1.00033277737061e-05
"495","shrubRedWet1_bin.7.orig",1.82095563023092e-06,1.45676450418474e-06,7.28382252092369e-07,1.45676450418474e-06,2.54933788232329e-06,1.09257337813855e-06,5.82705801673895e-06
"496","shrubRedWet1_bin.8.orig",1.3914810054146e-06,1.04361075406095e-06,6.957405027073e-07,6.957405027073e-07,2.7829620108292e-06,6.957405027073e-07,6.2616645243657e-06
"497","shrubRedWet1_bin.9.orig",1.12068173311189e-06,7.47121155407924e-07,3.73560577703962e-07,7.47121155407924e-07,1.86780288851981e-06,1.12068173311189e-06,6.72409039867132e-06
"498","shrubRedWet2_bin.1.strict",7.56909447895111e-07,1.00921259719348e-06,5.0460629859674e-07,1.00921259719348e-06,1.26151574649185e-06,7.56909447895111e-07,6.05527558316088e-06
"499","shrubRedWet2_bin.10.orig",9.51884159505325e-07,9.51884159505325e-07,4.75942079752662e-07,4.75942079752662e-07,1.90376831901065e-06,0,8.56695743554792e-06
"500","shrubRedWet2_bin.13.orig",8.90300113491007e-07,6.67725085118255e-07,2.22575028372752e-07,4.45150056745503e-07,1.78060022698201e-06,6.67725085118255e-07,6.4546758228098e-06
"501","shrubRedWet2_bin.14.strict",2.44875370680092e-06,1.63250247120062e-06,4.08125617800154e-07,1.63250247120062e-06,4.08125617800154e-06,1.22437685340046e-06,8.16251235600308e-06
"502","shrubRedWet2_bin.15.strict",9.71857595650225e-07,1.61976265941704e-06,3.23952531883408e-07,6.47905063766816e-07,1.94371519130045e-06,1.29581012753363e-06,7.7748607652018e-06
"503","shrubRedWet2_bin.16.orig",1.0022135556733e-06,6.68142370448865e-07,3.34071185224432e-07,6.68142370448865e-07,3.00664066701989e-06,6.68142370448865e-07,6.01328133403978e-06
"504","shrubRedWet2_bin.17.orig",4.47290704292761e-07,4.47290704292761e-07,2.2364535214638e-07,4.47290704292761e-07,1.1182267607319e-06,4.47290704292761e-07,6.26206986009865e-06
"505","shrubRedWet2_bin.18.orig",1.33903763365269e-06,1.00427822523952e-06,6.69518816826347e-07,1.67379704206587e-06,3.01283467571856e-06,1.33903763365269e-06,5.69090994302395e-06
"506","shrubRedWet2_bin.19.orig",8.32242633126919e-07,8.32242633126919e-07,5.54828422084612e-07,8.32242633126919e-07,1.94189947729614e-06,5.54828422084612e-07,4.16121316563459e-06
"507","shrubRedWet2_bin.2.orig",1.66646599638627e-06,4.16616499096567e-07,4.16616499096567e-07,8.33232998193134e-07,2.91631549367597e-06,8.33232998193134e-07,7.08248048464164e-06
"508","shrubRedWet2_bin.20.orig",1.47972189120295e-06,1.47972189120295e-06,4.93240630400985e-07,9.8648126080197e-07,1.97296252160394e-06,0,1.28242563904256e-05
"509","shrubRedWet2_bin.21.strict",8.28601100382261e-07,8.28601100382261e-07,5.52400733588174e-07,8.28601100382261e-07,2.48580330114678e-06,1.10480146717635e-06,5.80020770267583e-06
"510","shrubRedWet2_bin.22.orig",1.62367130917592e-06,6.49468523670367e-07,3.24734261835184e-07,6.49468523670367e-07,2.27313983284629e-06,1.29893704734073e-06,5.19574818936294e-06
"511","shrubRedWet2_bin.23.orig",1.58477349624805e-06,1.26781879699844e-06,6.33909398499219e-07,1.26781879699844e-06,3.1695469924961e-06,2.53563759399688e-06,4.12041109024493e-06
"512","shrubRedWet2_bin.24.orig",7.76143220156129e-07,5.82107415117097e-07,1.94035805039032e-07,5.82107415117097e-07,1.55228644031226e-06,9.70179025195161e-07,6.79125317636613e-06
"513","shrubRedWet2_bin.25.orig",1.75756963271189e-06,1.75756963271189e-06,8.78784816355943e-07,1.31817722453391e-06,3.95453167360174e-06,1.31817722453391e-06,8.78784816355943e-06
"514","shrubRedWet2_bin.26.strict",1.08076941055107e-06,8.10577057913299e-07,5.40384705275533e-07,1.08076941055107e-06,2.70192352637766e-06,1.08076941055107e-06,7.29519352121969e-06
"515","shrubRedWet2_bin.27.orig",1.32534591528389e-06,9.94009436462917e-07,6.62672957641945e-07,1.32534591528389e-06,3.31336478820972e-06,1.65668239410486e-06,6.62672957641945e-06
"516","shrubRedWet2_bin.28.orig",1.34930733308056e-06,8.99538222053709e-07,4.49769111026854e-07,8.99538222053709e-07,3.14838377718798e-06,1.34930733308056e-06,7.64607488745652e-06
"517","shrubRedWet2_bin.29.orig",5.50120063703903e-07,1.10024012740781e-06,0,0,5.50120063703903e-07,0,4.95108057333513e-06
"518","shrubRedWet2_bin.3.orig",7.15389628615013e-07,7.15389628615013e-07,2.38463209538338e-07,4.76926419076675e-07,1.66924246676836e-06,4.76926419076675e-07,1.14462340578402e-05
"519","shrubRedWet2_bin.30.orig",0,1.79435281282747e-06,0,0,0,0,1.43548225026198e-05
"520","shrubRedWet2_bin.31.orig",1.00856524030328e-06,1.51284786045491e-06,1.00856524030328e-06,5.04282620151638e-07,2.01713048060655e-06,1.00856524030328e-06,8.57280454257784e-06
"521","shrubRedWet2_bin.32.orig",1.08634879618069e-06,1.08634879618069e-06,3.62116265393562e-07,7.24232530787125e-07,2.53481385775494e-06,1.08634879618069e-06,7.24232530787125e-06
"522","shrubRedWet2_bin.33.orig",7.57676207072907e-07,7.57676207072907e-07,2.52558735690969e-07,5.05117471381938e-07,2.02046988552775e-06,7.57676207072907e-07,4.79861597812841e-06
"523","shrubRedWet2_bin.34.strict",8.37741482472912e-07,5.58494321648608e-07,5.58494321648608e-07,8.37741482472912e-07,2.23397728659443e-06,1.39623580412152e-06,5.86419037731039e-06
"524","shrubRedWet2_bin.35.orig",7.08573598831137e-07,7.08573598831137e-07,1.77143399707784e-07,5.31430199123353e-07,2.12572079649341e-06,7.08573598831137e-07,4.25144159298682e-06
"525","shrubRedWet2_bin.36.strict",9.15871410432813e-07,6.10580940288542e-07,3.05290470144271e-07,9.15871410432813e-07,2.1370332910099e-06,1.83174282086563e-06,6.10580940288542e-06
"526","shrubRedWet2_bin.37.orig",8.46328710685916e-07,8.46328710685916e-07,2.11582177671479e-07,6.34746533014437e-07,1.69265742137183e-06,1.48107524370035e-06,6.34746533014437e-06
"527","shrubRedWet2_bin.38.strict",2.84577196544664e-06,1.42288598272332e-06,1.42288598272332e-06,4.26865794816996e-06,5.69154393089327e-06,1.42288598272332e-06,1.28059738445099e-05
"528","shrubRedWet2_bin.4.orig",4.65665656249804e-07,6.98498484374705e-07,2.32832828124902e-07,2.32832828124902e-07,1.16416414062451e-06,0,6.28648635937235e-06
"529","shrubRedWet2_bin.5.orig",1.30800626273399e-06,6.54003131366993e-07,4.36002087577995e-07,1.09000521894499e-06,2.39801148167897e-06,6.54003131366993e-07,7.84803757640392e-06
"530","shrubRedWet2_bin.6.orig",6.9199746452129e-07,6.9199746452129e-07,3.45998732260645e-07,3.45998732260645e-07,1.38399492904258e-06,3.45998732260645e-07,8.64996830651613e-06
"531","shrubRedWet2_bin.7.orig",1.94695255198753e-06,1.16817153119252e-06,7.78781020795011e-07,1.94695255198753e-06,3.50451459357755e-06,1.55756204159002e-06,8.17720071834761e-06
"532","shrubRedWet2_bin.8.orig",1.93281845197349e-06,9.66409225986744e-07,3.22136408662248e-07,9.66409225986744e-07,2.89922767796023e-06,9.66409225986744e-07,8.6976830338807e-06
"533","shrubRedWet2_bin.9.orig",1.28057902661267e-06,1.28057902661267e-06,6.40289513306337e-07,9.60434269959505e-07,1.92086853991901e-06,1.28057902661267e-06,8.64390842963554e-06
