"","Score","Label","NMDS1","NMDS2"
"1","sites","1",-0.0657709660736881,0.370016242466652
"2","sites","2",-0.33638780613049,-0.172066183444085
"3","sites","3",-0.12095727146355,-0.110829391488244
"4","sites","4",-0.0686384831059631,-0.107645487967189
"5","sites","5",0.157465813154465,-0.171481217790888
"6","sites","6",-0.230955939618202,-0.301413395796573
"7","sites","7",-0.0979185946930847,-0.202509314428266
"8","sites","8",-0.00917590618291985,-0.0841356854253881
"9","sites","9",0.184604789210992,0.0849057670797893
"10","sites","10",-0.37816509527082,0.10566986319811
"11","sites","11",0.197163213857075,-0.101288729268805
"12","sites","12",-0.019396691142478,-0.237329236122148
"13","sites","13",0.131400191901666,-0.132329990821199
"14","sites","14",0.0797107235009867,-0.0561895432175113
"15","sites","15",-0.0269202496161148,0.0403651950799541
"16","sites","16",0.145172147114501,-0.081732683942841
"17","sites","17",-0.332126363349315,-0.254216310582825
"18","sites","18",0.30784313397284,0.0528340744092052
"19","sites","19",0.187425379772387,-0.213733134776793
"20","sites","20",-0.135721502128548,-0.493719599775063
"21","sites","21",0.131555638782295,-0.0577668064990821
"22","sites","22",-0.211161698690428,0.0200469235822844
"23","sites","23",-0.199601477357852,0.282187242614505
"24","sites","24",0.197006231110773,-0.193883095133033
"25","sites","25",-0.394454966263536,-0.0768134832776688
"26","sites","26",0.212327837702884,0.195641686736356
"27","sites","27",0.0685559769802904,-0.133527703782853
"28","sites","28",0.189593226892094,0.0602516473654091
"29","sites","29",-0.279353672809388,0.130202979904181
"30","sites","30",0.0896142118828959,-0.016576015600342
"31","sites","31",0.262352243975813,-0.156993073643373
"32","sites","32",0.171906500521918,-0.0891175711739782
"33","sites","33",0.299812740861583,0.117812540248344
"34","sites","34",-0.0971904534302863,-0.0971259673959776
"35","sites","35",-0.0179513421592641,0.232545702692029
"36","sites","36",-0.106413167622652,-0.0210150857114553
"37","sites","37",0.0310819704055014,0.39584733751845
"38","sites","38",0.133692332417008,-0.0213698445751812
"39","sites","39",0.219831819154638,0.181287558245106
"40","sites","40",0.237347369343247,0.012172870828975
"41","sites","41",0.219619960976671,0.287313581873486
"42","sites","42",-0.312045968766366,-0.242884069993745
"43","sites","43",-0.10203374543893,0.122388183927696
"44","sites","44",-0.048345747006849,0.0712402460463202
"45","sites","45",0.0344701292748963,-0.0334512854615826
"46","sites","46",0.189175328764542,-0.0388050427582961
"47","sites","47",0.15446735325576,-0.341366076697503
"48","sites","48",-0.319638722122743,0.452416106261677
"49","sites","49",-0.112469214926199,0.437502162128295
"50","sites","50",-0.375624231698989,0.101516913100139
"51","sites","51",0.285380080668762,0.345669248816119
"52","sites","52",0.171929178670938,0.151376141652264
"53","sites","53",0.389482795908934,-0.244375736097324
"54","sites","54",-0.118135988043389,0.11661109818038
"55","sites","55",-0.239999344464661,-0.832220445071597
"56","sites","56",0.125799209231928,0.132909770149384
"57","sites","57",0.0259191489802379,0.312752683536901
"58","sites","58",-0.222981727340295,-0.487519056440454
"59","sites","59",0.105579730909799,-0.130919548622083
"60","sites","60",-0.200414837511574,0.391395817999043
"61","sites","61",0.152487001543296,0.219424847449259
"62","sites","62",0.016113183797635,-0.0201152984880927
"63","sites","63",0.0471346718256832,0.149005484754163
"64","sites","64",-0.0238950624863822,-0.15258473539396
"65","sites","65",-0.0724809441058233,0.272550971907189
"66","sites","66",0.187639115394287,0.266292910699987
"67","sites","67",-0.410223355786956,0.143315533528817
"68","sites","68",0.269881694814324,-0.395989883427273
"69","sites","69",-0.161592400228105,-0.248020637934976
"70","sites","70",-0.423185090950605,0.373705946243408
"71","sites","71",-0.0831443402538684,-0.0264367489950169
"72","sites","72",-0.00776012190099624,0.165225522460319
"73","sites","73",-0.177295597893253,0.039438152010799
"74","sites","74",-0.184786063737627,0.121680810805571
"75","sites","75",-0.0535235932575158,0.039561562423914
"76","sites","76",-0.277848279245593,-0.0232244245345881
"77","sites","77",0.157416106242298,-0.283416629430069
"78","sites","78",0.0875192096691158,-0.151128875006116
"79","sites","79",0.106743663823277,0.195300638084141
"80","sites","80",0.224726228415063,0.175863516221291
"81","sites","81",0.900706257393101,-0.0645171658479325
"82","sites","82",-0.238218854076133,-0.250827840703536
"83","sites","83",-0.461357071642598,-0.116509830816013
"84","sites","84",0.250923820031844,-0.178773649436331
"85","sites","85",-0.315519597280858,-0.223713132689556
"86","sites","86",0.0619249883093947,0.0475535584941558
"87","sites","87",0.153700266502748,-0.142680175816364
"88","sites","88",0.0139781153924246,-0.37804592927467
"89","sites","89",-0.177675193523876,-0.081470381091605
"90","sites","90",0.335955610240673,0.100122212721252
"91","sites","91",0.0517684413639035,-0.222305214229094
"92","sites","92",0.193101435415873,-0.257260391749816
"93","sites","93",0.0996195034150518,0.376493694686962
"94","sites","94",-0.126897880379661,-0.272760799381472
"95","sites","95",0.0191359222800112,0.329863460173589
"96","sites","96",0.21060990771413,-0.187361043663321
"97","sites","97",0.0452611885489821,-0.103170461283455
"98","sites","98",-0.15410325730584,-0.00203785381590514
"99","sites","99",0.16501035001101,0.191442523560824
"100","sites","100",-0.291073993789032,-0.112148586363362
"101","sites","101",0.193540087170359,-0.17229298316253
"102","sites","102",0.222735324538745,-0.0870867407402942
"103","sites","103",0.107631651288887,-0.18648871707155
"104","sites","104",0.188269076960677,0.0469720125284285
"105","sites","105",-0.119566587871779,-0.49102990698288
"106","sites","106",0.0222175480676298,0.475880180253447
"107","sites","107",0.2223550538355,0.196280331351359
"108","sites","108",0.0919144508697644,0.343444663184999
"109","sites","109",-0.313216903362938,-0.099491145386902
"110","sites","110",0.0130228154548617,-0.0219168917071305
"111","sites","111",0.301358193429452,-0.201964544249101
"112","sites","112",0.0901784768006536,0.245940074032645
"113","sites","113",0.242248756157867,0.142161160216936
"114","sites","114",-0.334691338383581,-0.128429160749068
"115","sites","115",-0.320658581965076,0.246515505253055
"116","sites","116",-0.307861133316056,0.567513359622722
"117","sites","117",0.0947176051912508,0.418141957839541
"118","sites","118",0.0301478448300151,0.288735193314815
"119","sites","119",0.153852470585401,0.000675591265939879
"120","sites","120",-0.338165699548299,0.500897850549012
"121","sites","121",0.0912735445422771,-0.0623572259295557
"122","sites","122",0.3874023379273,0.0485448821389822
"123","sites","123",0.225255264351957,0.210673097560489
"124","sites","124",0.0614650952389141,0.232727350309625
"125","sites","125",0.925802378417014,0.089549318790478
"126","sites","126",0.0556365126443745,-0.192384061881507
"127","sites","127",0.328332996180934,0.0753709121786957
"128","sites","128",-0.0122987835363423,0.215555227297454
"129","sites","129",-0.0181445128496156,0.288779665636931
"130","sites","130",0.262323737145997,0.0217518969847826
"131","sites","131",0.21846075907684,0.201441595972748
"132","sites","132",0.100896771386486,0.164791544144986
"133","sites","133",-0.096780203443419,-0.0559367837027061
"134","sites","134",-0.061273241982234,0.404812780850648
"135","sites","135",-0.481964707632971,-0.0832301750103929
"136","sites","136",-0.0813854738274416,0.318627085332137
"137","sites","137",0.238960240663957,-0.00175874549546622
"138","sites","138",-0.0321255964377529,0.42571412209055
"139","sites","139",0.00811035860406429,0.231367967093844
"140","sites","140",0.0167123855347432,-0.0647974154343341
"141","sites","141",0.0479211324600593,0.141976659554481
"142","sites","142",0.956632231689577,-0.339748454634604
"143","sites","143",0.0227603109320026,0.506876259631833
"144","sites","144",-0.204200883295487,-0.0346471279968558
"145","sites","145",-0.174014015800187,-0.00840432380173088
"146","sites","146",-0.312199227571637,-0.121518796080565
"147","sites","147",-0.384153647954703,0.102512131444389
"148","sites","148",0.0642721403639741,0.171171093393288
"149","sites","149",-0.257047336194265,0.358282328367802
"150","sites","150",-0.209498188957436,0.119748102311206
"151","sites","151",-0.361522970218993,-0.108626380578432
"152","sites","152",0.20360841552226,-0.0429483894405964
"153","sites","153",0.119585893734415,0.205221796501552
"154","sites","154",-0.14084937674798,0.430097574360522
"155","sites","155",-0.249982284444326,0.0143427085499016
"156","sites","156",0.0128485851672193,0.335491404781961
"157","sites","157",-0.243639099473783,-0.182856839308119
"158","sites","158",-0.0233451745023436,0.588279926702688
"159","sites","159",0.00515675231573887,-0.0220105778332021
"160","sites","160",-0.300396273876719,0.201449780376595
"161","sites","161",-0.249685362818121,-0.0394906413619892
"162","sites","162",0.142813370154968,-0.128568266017385
"163","sites","163",0.338217469388667,-0.0331314438998243
"164","sites","164",-0.00869685905983785,0.0255115339272498
"165","sites","165",-0.186477493668579,-0.197353110488691
"166","sites","166",0.057461486056291,-0.061316216060242
"167","sites","167",0.0137649573824651,-0.143406060288615
"168","sites","168",0.128277884294571,-0.0919807634328087
"169","sites","169",0.191236543454103,-0.134548174018211
"170","sites","170",-0.139101537361218,-0.230222548603543
"171","sites","171",-0.197131838278545,-0.251681888171117
"172","sites","172",0.073098613517263,-0.1003076158225
"173","sites","173",-0.241722374159049,-0.158887599203695
"174","sites","174",-0.0578899041468476,-0.0384789474109847
"175","sites","175",-0.0702811060315513,-0.138009274757545
"176","sites","176",0.135321601204776,-0.0403870267153354
"177","sites","177",0.12780939985477,-0.00805719257024285
"178","sites","178",-0.0688903179620064,-0.195570215088835
"179","sites","179",0.0721196566419745,-0.34953972528817
"180","sites","180",0.00584473128839238,0.00496003398023223
"181","sites","181",0.13381011550132,-0.384846436695909
"182","sites","182",0.259788049531583,0.510149676847743
"183","sites","183",-0.00602071462802121,0.184762568834835
"184","sites","184",-0.16375397418499,0.0573457872070952
"185","sites","185",-0.23715951248235,-0.183305947799817
"186","sites","186",-0.376976455147196,-0.582982828491153
"187","sites","187",0.112768757895263,-0.254740424392171
"188","sites","188",-0.344019803058716,-0.211642489165184
"189","sites","189",0.457282685713396,-0.46705040258553
"190","sites","190",-0.17503588825052,-0.453878057920649
"191","sites","191",-0.373353894975478,-0.234058180611051
"192","sites","192",0.0657834879365104,-0.262074347944609
"193","sites","193",-0.259749562672012,0.0652344059833508
"194","sites","194",0.38770502183092,-0.265171397292806
"195","sites","195",0.154520089200901,-0.233922866357291
"196","sites","196",0.185011336663162,-0.156071028580163
"197","sites","197",-0.0893172784921339,-0.260205544102188
"198","sites","198",-0.117060730673253,0.324641938757647
"199","sites","199",-0.149643012417276,0.287732111014442
"200","sites","200",-0.0753083148421091,-0.322123548125196
"201","sites","201",0.0834603962879887,-0.0127138017947274
"202","sites","202",-0.0836685443577363,0.0210392896922686
"203","sites","203",-0.0172729328008025,-0.0980469652600975
"204","sites","204",0.0776528989781702,-0.0971369057385609
"205","sites","205",-0.0836429199649394,-0.0203680662582021
"206","sites","206",-0.121875623778546,-0.344074721202445
"207","sites","207",0.283856736964406,-0.203044140188871
"208","sites","208",-0.16014503605871,-0.46479608414106
"209","sites","209",-0.274856536088173,-0.148020123700843
"210","sites","210",0.0996065199608234,-0.179385479851999
"211","sites","211",-0.296978838595955,-0.0719243697845958
"212","sites","212",-0.121414425818112,-0.0325990280358086
"213","sites","213",-0.0857917131994145,0.237622948809183
"214","sites","214",0.390857889681816,-0.182739762190109
"215","sites","215",-0.0256865368893528,0.136374279637874
"216","sites","216",0.101918107564103,0.150764863453071
"217","sites","217",-0.0986352254303213,0.258752997928896
"218","sites","218",-0.384223225473896,0.390863067155707
"219","sites","219",0.0997633001395435,-0.351631867313397
"220","sites","220",0.220189352418324,-0.343501591627634
"221","sites","221",0.129165853686619,-0.0804697170980892
"222","sites","222",0.140234747480122,0.285792006215962
"223","sites","223",-0.00241744379351003,-0.226635820789026
"224","sites","224",-0.0906066992541191,-0.178900545860112
"225","sites","225",0.0948861053968302,0.275794703850866
"226","sites","226",0.1325593214267,-0.196217915977521
"227","sites","227",0.0984676184424013,-0.124807024090952
"228","sites","228",-0.0657125107393854,-0.0600790133169645
"229","sites","229",0.468550126729878,-0.190918790741493
"230","sites","230",0.300102962603399,-0.304599181355199
"231","sites","231",0.248897726005632,0.193275523450356
"232","sites","232",-0.348792886256839,-0.0633317336682254
"233","sites","233",-0.358174670432494,-0.224062541703154
"234","sites","234",-0.0932326193812092,-0.264347356433278
"235","sites","235",0.221087478087512,0.0651496170103072
"236","sites","236",-0.497392554216863,0.0375385666455282
"237","sites","237",-0.0479423501763528,0.241456175262379
"238","sites","238",0.0602846648848895,-0.0906011160763381
"239","sites","239",-0.0769667445736966,0.109422055498435
"240","sites","240",0.266356803444811,0.302980562671915
"241","sites","241",-0.292475305351109,0.0872658122020387
"242","sites","242",0.102832063895083,-0.155996236484785
"243","sites","243",-0.312922280247831,-0.311389658866469
"244","sites","244",0.00555307427706498,0.19678867598124
"245","sites","245",0.118640961128125,-0.228269812162472
"246","sites","246",-0.186416102098347,-0.107636472774685
"247","sites","247",-0.0243576808251369,0.299985869410718
"248","sites","248",0.0550967710691304,0.189587483452068
"249","sites","249",-0.0415234838151159,0.199392885895858
"250","sites","250",0.29201486936574,0.0355490845725974
"251","sites","251",-0.0113262543673968,0.184296944189585
"252","sites","252",-0.0899816996335174,0.0715927375217984
"253","sites","253",0.0847015668690229,0.105392086185789
"254","sites","254",0.08887769534639,-0.183901519809981
"255","sites","255",0.11151635979938,-0.0750681887390759
"256","sites","256",0.0319251252302973,0.249063623387448
"257","sites","257",-0.00180974367926593,-0.361020065097505
"258","sites","258",0.295454634758791,-0.0436791352700142
"259","sites","259",-0.613312271136945,0.0720464747133566
"260","sites","260",0.0962024835118235,0.203723704832224
"261","sites","261",-0.402076723372715,-0.227522206846204
"262","sites","262",0.0367114727676995,-0.395160926183038
"263","sites","263",-0.238279092276832,-0.574102217843558
"264","sites","264",-0.261328754461448,0.0440968616934961
"265","sites","265",-0.0496958418229165,-0.328102933848551
"266","sites","266",0.265589849290274,0.041275587451819
"267","sites","267",-0.0953681624301703,-0.148816091388226
"268","sites","268",-0.0328703205924221,-0.173240059769058
"269","sites","269",-0.171769117129259,-0.353024559775812
"270","sites","270",0.0800139605828867,-0.039948019184321
"271","sites","271",-0.172094585115728,-0.0337003642056799
"272","sites","272",-0.0569158884022968,-0.0262278025223281
"273","sites","273",-0.0414535495978742,-0.0397602946938856
"274","sites","274",0.134787085242588,0.173302802490822
"275","sites","275",0.226790317143189,-0.279968280635675
"276","sites","276",0.081770763850427,-0.309392588251159
"277","sites","277",-0.371728993051176,-0.334648761684712
"278","sites","278",-0.249953885659991,-0.427433586097279
"279","sites","279",0.00891089743227158,-0.0068719506923982
"280","sites","280",0.123735453244904,-0.39739198605967
"281","sites","281",0.0065410720391963,-0.103808599758553
"282","sites","282",-0.0258983676422487,-0.274386080741322
"283","sites","283",0.239099117939465,0.0558475912379377
"284","sites","284",0.127956285699796,0.0291221436054304
"285","sites","285",0.181953910058405,0.175759641259298
"286","sites","286",-0.301007146981841,-0.248208811962316
"287","sites","287",0.184462959031304,0.02987636145825
"288","sites","288",-0.208004954002999,-0.149843235737583
"289","sites","289",0.158285365342546,0.335786032651306
"290","sites","290",-0.0883553422767503,-0.00625402329514535
"291","sites","291",0.315149038760986,-0.285038251958411
"292","sites","292",-0.336411714304882,-0.068450763857263
"293","sites","293",-0.121793415855845,0.0678118568897298
"294","sites","294",-0.328596944468341,-0.0742939194401983
"295","sites","295",0.124207533109098,0.0771232184890667
"296","sites","296",0.0981527874037558,0.124937768908972
"297","sites","297",0.199895304112962,0.119746380679818
"298","sites","298",-0.0389390802744475,-0.15156845981194
"299","sites","299",-0.0106473297809279,-0.0193452811857462
"300","sites","300",-0.0472761131065828,0.168789188037442
"301","sites","301",-0.255706718832979,0.210801384706292
"302","sites","302",0.050559777926301,-0.224532508113848
"303","sites","303",0.294106297273092,-0.157620037831065
"304","sites","304",-0.120707254580295,0.291285384214334
"305","sites","305",0.0746014228741722,-0.0443144911676576
"306","sites","306",-0.153673914439622,-0.277924146709779
"307","sites","307",-0.150735596592725,-0.302609209694453
"308","sites","308",-0.0113725601573173,-0.478916698512592
"309","sites","309",-0.23126196986627,-0.129557019276145
"310","sites","310",0.0646586155575845,0.21950698673387
"311","sites","311",0.28775066661608,0.109096535690291
"312","sites","312",0.45603265472542,-0.23285173476038
"313","sites","313",0.189336585751841,-0.182901134393441
"314","sites","314",0.347502064060579,0.223846835670268
"315","sites","315",-0.0730066596937777,0.252647993933101
"316","sites","316",0.149664021088778,-0.37510948970879
"317","sites","317",0.150766305926816,-0.0237495464694464
"318","sites","318",0.0708741334245956,-0.113151148873018
"319","sites","319",-0.0203498847553146,0.0659675807598847
"320","sites","320",0.158100469391628,-0.0745927238495749
"321","sites","321",0.320222409120211,0.261878061220046
"322","sites","322",-0.338639830942304,-0.0615585860636283
"323","sites","323",-0.162955614560015,0.394139656415349
"324","sites","324",-0.0369488558564321,0.0627949817337186
"325","sites","325",-0.654028290252034,-0.183951979383845
"326","sites","326",1.04980762981645,-0.0356482697019645
"327","sites","327",0.191696528608116,-0.314028076096505
"328","sites","328",-0.145855168110741,0.0272070540598706
"329","sites","329",1.08774854189508,-0.105093436590089
"330","sites","330",0.06452582471876,0.279350454171075
"331","sites","331",0.0827763807268087,0.280898738332097
"332","sites","332",-0.0926684878073501,0.256596734691178
"333","sites","333",-0.306634920414433,0.198694681468212
"334","sites","334",-0.0209673964844346,0.322194491222288
"335","sites","335",0.121698245440584,0.344726912088852
"336","sites","336",0.327350427832411,-0.168650024849806
"337","sites","337",0.200939755981071,0.205177523203177
"338","sites","338",-0.225888336397936,0.0426616289097025
"339","sites","339",-0.0119110935377006,0.342778315813907
"340","sites","340",0.057850937143288,-0.0232424801178096
"341","sites","341",0.010644027028871,0.284342764839689
"342","sites","342",0.235238537522982,-0.0580770282128751
"343","sites","343",0.383262627342351,-0.623961490613063
"344","sites","344",-0.220978545075491,-0.201346302819101
"345","sites","345",-0.721615933255457,0.289039880527772
"346","sites","346",0.096671432838513,-0.134133288920818
"347","sites","347",0.341464842515285,0.186207857628716
"348","sites","348",0.0011586423138896,0.240250311419411
"349","sites","349",-0.339904256078475,-0.371977742274677
"350","sites","350",-0.0938309073609706,0.0528203006571461
"351","sites","351",-0.00310396506058806,-0.241349434125584
"352","sites","352",-0.0232337973570237,0.334554137223648
"353","sites","353",0.404727400294487,0.105098807752206
"354","sites","354",0.0501728085513338,0.0200462024965362
"355","sites","355",-0.383076958488393,0.0985955939905796
"356","sites","356",-0.252128233159789,-0.182210560609584
"357","sites","357",-0.145468751259591,-0.0593382210290981
"358","sites","358",-0.160641124246564,0.634389817225002
"359","sites","359",-0.263478059421751,0.436245024003044
"360","sites","360",-0.245643698169585,-0.0623175686119832
"361","sites","361",-0.479978950376497,-0.191672103182673
"362","sites","362",-0.108015293973654,0.489784074084627
"363","sites","363",-0.19602975974005,-0.111985104590179
"364","sites","364",0.121512925201833,0.0441087798813705
"365","sites","365",-0.216238530449326,-0.333221720603026
"366","sites","366",-0.010606102800806,0.128648635454788
"367","sites","367",0.0318802351746602,0.0668714126459207
"368","sites","368",-0.00644548209144121,-0.120911243572882
"369","sites","369",-0.153657968129086,-0.153203227951994
"370","sites","370",-0.0534714574685374,-0.189959073262106
"371","sites","371",-0.103270570070843,-0.0579660050971529
"372","sites","372",0.0894290010478001,0.0149581370873727
"373","sites","373",0.0157804017961717,0.246754940513502
"374","sites","374",0.436020821604538,0.0666119282060787
"375","sites","375",0.221922342887398,0.187514721639387
"376","sites","376",-0.0565043410176626,-0.11211024118571
"377","sites","377",0.541575133399798,-0.285912514441943
"378","sites","378",0.351811537644709,0.026340824701983
"379","sites","379",0.187703134329264,-0.222558255515484
"380","sites","380",-0.191380899298574,0.286424459695994
"381","sites","381",-0.320323239773915,0.121669923275117
"382","sites","382",-0.596088742408325,0.00108981215200419
"383","sites","383",-0.258736814130146,0.433046927334994
"384","sites","384",0.162246307122539,-0.123657861953386
"385","sites","385",0.418730692546794,0.115796307054483
"386","sites","386",-0.327119221732658,-0.239090995799097
"387","sites","387",0.0363608191361585,-0.650511288795558
"388","sites","388",-0.367141440247007,0.105015645460969
"389","sites","389",-0.281241307718376,0.0157395848055125
"390","sites","390",0.155770122997976,0.152818165893677
"391","sites","391",0.205050634526818,0.0447739585354352
"392","sites","392",-0.443168378061794,-0.327833037145852
"393","sites","393",0.159061281339615,0.0443636026812917
"394","sites","394",-0.430949246926202,0.267423181366723
"395","sites","395",0.113989696118926,0.217174792456488
"396","sites","396",0.435826783373865,0.276119603977551
"397","sites","397",-0.0551473182768426,0.0429501248792999
"398","sites","398",-0.202700379624063,0.345367775889074
"399","sites","399",-0.236486024386718,-0.289539103710744
"400","sites","400",-0.187309616217527,-0.0405042790796953
"401","sites","401",0.0646596277228858,-0.299857491401017
"402","sites","402",0.00374963126062103,0.125193856850702
"403","sites","403",0.134323154819087,0.0618913892081981
"404","sites","404",-0.12641948066018,0.0335524666684265
"405","sites","405",0.00999846067266515,-0.322366617174839
"406","sites","406",0.142408439229833,-0.180616966949984
"407","sites","407",-0.221595252253986,-0.0469550312730492
"408","sites","408",-0.0847300389902448,0.341039279473748
"409","sites","409",-0.202372688214455,0.130311613069888
"410","sites","410",0.0348807388642956,0.256553495616169
"411","sites","411",-0.103835607640863,0.161264230515321
"412","sites","412",-0.131752599414446,-0.0977391637286091
"413","sites","413",-0.278127390062881,0.444058257091401
"414","sites","414",0.000536232701724142,0.0357760201798575
"415","sites","415",-0.370974874760786,0.0540213663391663
"416","sites","416",0.288714165907952,0.449843726460819
"417","sites","417",0.0666118445759377,0.274867300449143
"418","sites","418",0.12272915941742,0.196730333114507
"419","sites","419",0.166116059033452,0.178184545118319
"420","sites","420",0.273530961938196,0.141046215356747
"421","sites","421",-0.281569269288396,0.114389060514885
"422","sites","422",-0.584518149422644,-0.0839209805210749
"423","sites","423",0.257946894620652,0.1758911879253
"424","sites","424",-0.142394537946745,0.0735246175821214
"425","sites","425",-0.991647422987338,0.876996976605152
"426","sites","426",0.0994771040980488,0.352087299536828
"427","sites","427",-0.306607223849102,-0.076327024839575
"428","sites","428",0.0989069310737284,0.206695129964742
"429","sites","429",-0.32052477291042,0.0150334983655772
"430","sites","430",-0.127327066247694,0.0843653674259962
"431","sites","431",-0.422708154212909,0.172365851644609
"432","sites","432",-0.213972167275448,0.370979059596514
"433","sites","433",-0.142672115683017,0.238610129119525
"434","sites","434",0.155461395667532,0.0429048799971659
"435","sites","435",-0.219443877751963,-0.336284795310053
"436","sites","436",0.468627972433544,0.141125312541754
"437","sites","437",0.2387543899738,-0.618341280719437
"438","sites","438",-0.291093191790833,0.035201095801115
"439","sites","439",-0.139331004878968,0.186394305283538
"440","sites","440",-0.202458995449464,-0.3250760995916
"441","sites","441",0.0813789008375422,-0.390927448666498
"442","sites","442",-0.256477021472521,-0.244277371763798
"443","sites","443",-0.406517494369722,-0.37185870322743
"444","sites","444",0.262186185450246,-0.0203569614521356
"445","sites","445",0.225572411658017,-0.0774813429617496
"446","sites","446",0.00667408346893348,-0.122306548284222
"447","sites","447",0.031876328764951,0.083044567254424
"448","sites","448",0.284531546768218,0.355744944582227
"449","sites","449",0.0863998093640111,0.214695937453339
"450","sites","450",0.101645738157278,0.0481247138679117
"451","sites","451",-0.0898839053163401,0.108538679174575
"452","sites","452",0.317903530028037,0.0380245906030261
"453","sites","453",0.0588802163514465,0.311090629424319
"454","sites","454",-0.14599977072884,0.120923362880791
"455","sites","455",0.176436882085604,-0.0858921792821388
"456","sites","456",-0.299819166103942,-0.160238549429163
"457","sites","457",-0.151626737090886,0.024856566598515
"458","sites","458",-0.350041077244506,0.123249418455636
"459","sites","459",-0.0121718265955555,-0.146227136360443
"460","sites","460",0.326276893594249,0.193587214277719
"461","sites","461",0.0456398220803026,-0.0926475167229305
"462","sites","462",-0.228852649344191,-0.257255414594802
"463","sites","463",-0.38020291055309,0.107833316849319
"464","sites","464",0.578642595623696,0.221610806111121
"465","sites","465",-0.176696471277974,-0.342979360540108
"466","sites","466",0.0322392485903978,-0.302232851102425
"467","sites","467",0.163705862058755,-0.246234701852972
"468","sites","468",-0.0514233967386509,0.166551992351387
"469","sites","469",0.0716191846657572,-0.218737079604617
"470","sites","470",0.313378989085862,-0.137821762833464
"471","sites","471",0.0759064428217063,-0.0761262745249472
"472","sites","472",-0.260530191140048,-0.361969591467608
"473","sites","473",-0.264203074659324,-0.261779102995988
"474","sites","474",-0.128186267508954,0.133974698060111
"475","sites","475",0.388703153261804,-0.0803278036075116
"476","sites","476",0.0515294989800881,-0.089464046828773
"477","sites","477",0.193886461568754,-0.249791259090251
"478","sites","478",-0.370465133225633,0.0825276288395143
"479","sites","479",-0.205603005748989,-0.274075647894117
"480","sites","480",0.207934882248771,-0.335207516434805
"481","sites","481",0.0902097542699099,-0.232014234197196
"482","sites","482",-0.0530728803544384,0.0939172040772722
"483","sites","483",-0.232807103029999,0.431188231571939
"484","sites","484",0.228872171680788,-0.264353121253732
"485","sites","485",0.396728286473768,0.174202954511608
"486","sites","486",0.0230099378791142,-0.0396691077671414
"487","sites","487",0.289867476477042,0.135299475422232
"488","sites","488",0.218966942979919,0.176357807550256
"489","sites","489",-0.232843263996632,0.245046621642403
"490","sites","490",0.129259136645063,-0.226798855717494
"491","sites","491",-0.285547341644534,0.420754240076541
"492","sites","492",-0.0875498742526323,-0.110873419401368
"493","sites","493",0.166987581584482,-0.00615338069499866
"494","sites","494",0.0693309176675021,-0.129740106284232
"495","sites","495",-0.0741344209177548,-0.149488939249726
"496","sites","496",-0.10470395779997,0.188604279751757
"497","sites","497",-0.0955492292555793,-0.285449407196189
"498","sites","498",-0.183309123227387,0.162104610306429
"499","sites","499",0.367205580830861,0.0271683928020794
"500","sites","500",0.0482640233179778,0.119577055014966
"501","sites","501",0.0197840194996515,0.0590130875527129
"502","sites","502",-0.336698495019885,0.0726859233796297
"503","sites","503",0.353236051571604,0.0878991355049244
"504","sites","504",0.0662883085770589,0.472560401939973
"505","sites","505",0.114151536842311,-0.187219975694408
"506","sites","506",0.0955480055827957,-0.429223243307845
"507","sites","507",0.096929265883201,0.369260688785942
"508","sites","508",0.00762190736027574,0.107668677765548
"509","sites","509",0.247654512519858,0.117923982213032
"510","sites","510",-0.204924354329525,-0.00825153270232059
"511","sites","511",0.521859266469849,0.196962496982264
"512","sites","512",0.138605636320301,0.253489612135674
"513","sites","513",0.266085792383055,0.181302608304136
"514","sites","514",0.119885041683151,-0.102560413912295
"515","sites","515",-0.648749378094241,-0.499685167503847
"516","sites","516",-0.251645866751094,-0.326822478403179
"517","sites","517",1.54732772404384,0.183274352322961
"518","sites","518",-0.00978567758903317,-0.189303632224407
"519","sites","519",0.0205358060398694,-0.0629171038287832
"520","sites","520",-0.109812409746528,0.0104443175499851
"521","sites","521",0.02200012511962,0.236861786011412
"522","sites","522",0.00573720318825283,0.432163055716782
"523","sites","523",0.0257932358661819,0.236573948157858
"524","sites","524",-0.06340959291548,0.29947030502504
"525","sites","525",1.0674636663278,0.0813202106058652
"526","sites","526",-0.341015040759588,0.230371527299216
"527","sites","527",0.00458708831535869,0.0939167697573295
"528","sites","528",-0.257771097521454,-0.058668518214143
"529","sites","529",0.318381733456262,-0.093354126096321
"530","sites","530",0.0860908132739698,-0.174324366488952
"531","sites","531",0.00849698438013102,-0.0550991032160735
"532","species","Stress.Tolerance.Specific.desiccation.osmotic.salt.stress.accumulation.of.compatible.solutes.transport.of.compatible.solutes",-0.0646295757012155,-0.216710964403643
"533","species","Resource.Acquisition.Substrate.uptake.carbohydrate.transport.monosaccharide.transport",-0.204764182922862,-0.13626058089523
"534","species","Resource.Acquisition.Substrate.uptake.ion.transport.inorganic.ion.transport",-0.208702400367212,-0.269874845411847
"535","species","Resource.Acquisition.Substrate.assimilation.P.compounds.phytase",0.0369297326835966,0.272503005954982
"536","species","Stress.Tolerance.Specific.temperature.low.cold.sensing.machinery.cold.sensing.two.component.system",0.0253004377878333,-0.266434664758935
"537","species","Resource.Acquisition.Substrate.uptake.aromatic.acid.transport",-0.469174112120591,-0.497024996634324
"538","species","Resource.Acquisition.Substrate.uptake.nucleic.acid.component.transport.ribonucleoside.transport",0.405145978084644,1.34557276771593
"539","species","Resource.Acquisition.Substrate.degradation.simple.compound.degradation.carbohydrate.degradation.trehalose.degradation",-0.172596888196232,0.0438447939030052
"540","species","Resource.Acquisition.Substrate.assimilation.N.compounds.ammonia.assimilation.to.glutamate",-0.00743654328562144,-0.0596096657608309
"541","species","Resource.Acquisition.Substrate.assimilation.C1.compounds.methanotrophy.formaldehyde.assimilation.with.serine.pathway",0.241954935363438,-0.00438320907000397
"542","species","Resource.Acquisition.Substrate.uptake.secondary.metabolite.transport.siderophore.based.transport",-0.198366354616117,-0.389925895902705
"543","species","Resource.Acquisition.Substrate.assimilation.C1.compounds.methanotrophy.H4F.pathway",-0.764644375179323,0.265869462911901
"544","species","Resource.Acquisition.Substrate.uptake.lipid.transport.lipid.precursor.transport",-0.235295213181952,-0.169764445499083
"545","species","Resource.Acquisition.Substrate.assimilation.N.compounds.ammonia.assimilation.to.glutamine",-0.105549352626107,-0.218391161533373
"546","species","Resource.Acquisition.Substrate.degradation.simple.compound.degradation.carbohydrate.degradation.EMP.pathway",-0.16850200425716,0.394916679971975
"547","species","Stress.Tolerance.General.protection..repair..degradation.of.denatured.misfolded.proteins.heat.shock.proteins",0.237474586376442,0.00365367031439238
"548","species","Resource.Use.Phototrophy.pigments.accessory.carotenoid.xanthophyll.okenone",-1.13593999646476,1.59408205062156
"549","species","Resource.Acquisition.Substrate.uptake.N.compound.transport.nitrate.transport",-1.0310247183416,-0.408085011782922
"550","species","Resource.Use.Chemotrophy.chemoorganoheterotrophy.fermentation.of.pyruvate.to.alcohols",-0.272280841565501,-0.802773702765019
"551","species","Stress.Tolerance.Specific.temperature.low.destabilization.of.secondary.structures.in.mRNAs.RNA.degradation",-0.0767841263326395,-0.0170188671920213
"552","species","Stress.Tolerance.Specific.pH.stress.membrane.stabilization.cyclopropane.fatty.acid..CFA..synthase",-0.298796596538132,-0.209653641569339
"553","species","Resource.Acquisition.Substrate.uptake.organophosphorus.compound.transport",-0.337366232153781,-0.276456943534432
"554","species","Resource.Use.Chemotrophy.chemoorganoheterotrophy.aerobic.respiration.electron.transport.chain..ETC.complex.III",-0.221192234374419,-0.444497269817798
"555","species","Resource.Acquisition.Substrate.degradation.complex.carbohydrate.depolymerization.cellulose.breakdown",0.294298033413282,0.113868801030441
"556","species","Resource.Acquisition.Substrate.degradation.complex.carbohydrate.depolymerization.mixed.linkage.glucan.breakdown",0.397124933281118,0.180764763985451
"557","species","Resource.Acquisition.Substrate.assimilation.C1.compounds.methanotrophy.formaldehyde.oxidation.pathway",0.182663018930079,-0.0479433326762537
"558","species","Resource.Acquisition.Substrate.degradation.simple.compound.degradation.carbohydrate.degradation.galactose.degradation",0.104435913204464,0.172729532233091
"559","species","Resource.Acquisition.Substrate.assimilation.P.compounds.phosphatase",-0.304998185445033,0.154668525641681
"560","species","Resource.Use.Chemotrophy.chemolithoautotrophy.thiosulfate.oxidation",0.187292310613409,1.47642796774967
"561","species","Resource.Acquisition.Substrate.uptake.other.transport",-0.708075263479711,-0.732662478945009
"562","species","Stress.Tolerance.Specific.oxygen.limitation.oxygen.sensing.oxygen.sensing.two.component.systems",-0.658803155572897,-0.833916662209042
"563","species","Resource.Use.Chemotrophy.chemoorganoheterotrophy.aerobic.respiration.oxidative.pentose.phosphate.pathway",0.0866627341857378,0.0606404806517548
"564","species","Resource.Acquisition.Substrate.uptake.osmolyte.transport",-0.284904929842557,-0.43632369534759
"565","species","Resource.Acquisition.Substrate.uptake.carbohydrate.transport.oligosaccharide.transport",-0.358129831875866,-0.746350580817382
"566","species","Resource.Acquisition.Substrate.degradation.simple.compound.degradation.sugar.acid.degradation.glucuronate.degradation",0.0562712843797293,-0.336496059523808
"567","species","Resource.Acquisition.Substrate.uptake.carboxylate.transport.tricarboxylate.transport",-0.521155876550314,-0.52263225550293
"568","species","Resource.Acquisition.Substrate.degradation.complex.carbohydrate.depolymerization.chitin.breakdown",0.17773128296105,0.136322226634029
"569","species","Resource.Use.Phototrophy.pigments.core.anoxygenic.bacteriochlorophyll.g",-1.05499965731347,0.201929778419901
"570","species","Stress.Tolerance.Specific.envelope.stress.phage.resistance.phage.shock.system",0.226390983208896,-0.269180965932795
"571","species","Resource.Acquisition.Substrate.uptake.nucleic.acid.component.transport.nucleoside.transport",-0.20132504159842,-0.272446486523772
"572","species","Stress.Tolerance.Specific.temperature.low.destabilization.of.secondary.structures.in.mRNAs.mRNA.stabilization",0.376585133360234,0.00441124243701549
"573","species","Resource.Acquisition.Substrate.degradation.complex.carbohydrate.depolymerization.xylan.and.heteroxylan.breakdown",0.259734911676785,0.171020041840143
