"","nguilds.3","my_vec"
"1",2,0.001
"2",4,0.001
"3",6,0.001
"4",8,0.001
"5",10,0.001
"6",12,0.001
"7",14,0.001
"8",16,0.001
"9",18,0.001
"10",20,0.001
"11",22,0.001
"12",24,0.001
"13",26,0.001
"14",28,0.001
"15",30,0.001
"16",32,0.001
"17",34,0.001
"18",36,0.001
"19",38,0.001
"20",40,0.001
"21",42,0.001
"22",44,0.001
"23",46,0.001
"24",48,0.001
"25",50,0.001
"26",52,0.001
"27",54,0.001
"28",56,0.001
"29",58,0.001
"30",60,0.001
"31",62,0.001
"32",64,0.001
"33",66,0.001
"34",68,0.001
"35",70,0.001
"36",72,0.001
"37",74,0.001
"38",76,0.001
"39",78,0.001
"40",80,0.001
"41",82,0.001
"42",84,0.001
"43",86,0.001
"44",88,0.001
"45",90,0.001
"46",92,0.001
"47",94,0.001
"48",96,0.001
"49",98,0.001
"50",100,0.001
"51",102,0.001
"52",104,0.001
"53",106,0.001
"54",108,0.001
"55",110,0.001
"56",112,0.001
"57",114,0.001
"58",116,0.001
"59",118,0.001
"60",120,0.001
"61",122,0.001
"62",124,0.001
"63",126,0.001
"64",128,0.001
"65",130,0.001
"66",132,0.001
"67",134,0.001
"68",136,0.001
"69",138,0.001
"70",140,0.001
"71",142,0.001
"72",144,0.001
"73",146,0.001
"74",148,0.001
"75",150,0.001
"76",152,0.001
"77",154,0.001
"78",156,0.001
"79",158,0.001
"80",160,0.001
"81",162,0.001
"82",164,0.001
"83",166,0.001
"84",168,0.001
"85",170,0.001
"86",172,0.001
"87",174,0.001
"88",176,0.001
"89",178,0.001
"90",180,0.001
"91",182,0.001
"92",184,0.001
"93",186,0.001
"94",188,0.001
"95",190,0.001
"96",192,0.001
"97",194,0.001
"98",196,0.001
"99",198,0.001
"100",200,0.001
"101",202,0.001
"102",204,0.001
"103",206,0.001
"104",208,0.001
"105",210,0.001
"106",212,0.001
"107",214,0.001
"108",216,0.001
"109",218,0.001
"110",220,0.001
"111",222,0.001
"112",224,0.001
"113",226,0.001
"114",228,0.001
"115",230,0.001
"116",232,0.001
"117",234,0.001
"118",236,0.001
"119",238,0.001
"120",240,0.001
"121",242,0.001
"122",244,0.001
"123",246,0.001
"124",248,0.001
"125",250,0.001
"126",252,0.001
"127",254,0.001
"128",256,0.001
"129",258,0.001
"130",260,0.001
"131",262,0.001
"132",264,0.001
"133",266,0.001
"134",268,0.001
"135",270,0.001
"136",272,0.001
"137",274,0.001
"138",276,0.001
"139",278,0.001
"140",280,0.001
"141",282,0.001
"142",284,0.001
"143",286,0.001
"144",288,0.001
"145",290,0.001
"146",292,0.001
"147",294,0.001
"148",296,0.001
"149",298,0.001
"150",300,0.001
"151",302,0.001
"152",304,0.001
"153",306,0.001
"154",308,0.001
"155",310,0.001
"156",312,0.001
"157",314,0.001
"158",316,0.001
"159",318,0.001
"160",320,0.001
"161",322,0.001
"162",324,0.001
"163",326,0.001
"164",328,0.001
"165",330,0.001
"166",332,0.001
"167",334,0.001
"168",336,0.001
"169",338,0.001
"170",340,0.001
"171",342,0.001
"172",344,0.001
"173",346,0.001
"174",348,0.001
"175",350,0.001
"176",352,0.001
"177",354,0.001
"178",356,0.001
"179",358,0.001
"180",360,0.001
"181",362,0.001
"182",364,0.001
"183",366,0.001
"184",368,0.001
"185",370,0.001
"186",372,0.001
"187",374,0.001
"188",376,0.001
"189",378,0.001
"190",380,0.001
"191",382,0.001
"192",384,0.001
"193",386,0.001
"194",388,0.001
"195",390,0.001
"196",392,0.001
"197",394,0.001
"198",396,0.001
"199",398,0.001
"200",400,0.001
"201",402,0.001
"202",404,0.001
"203",406,0.001
"204",408,0.001
"205",410,0.001
"206",412,0.001
"207",414,0.001
"208",416,0.001
"209",418,0.001
"210",420,0.001
"211",422,0.001
"212",424,0.001
"213",426,0.001
"214",428,0.001
"215",430,0.001
"216",432,0.001
"217",434,0.001
"218",436,0.001
"219",438,0.001
"220",440,0.001
"221",442,0.001
"222",444,0.001
"223",446,0.001
"224",448,0.001
"225",450,0.001
"226",452,0.001
"227",454,0.001
"228",456,0.001
"229",458,0.001
"230",460,0.001
"231",462,0.001
"232",464,0.001
"233",466,0.001
"234",468,0.001
"235",470,0.001
"236",472,0.001
"237",474,0.001
"238",476,0.001
"239",478,0.001
"240",480,0.001
"241",482,0.001
"242",484,0.001
"243",486,0.001
"244",488,0.001
"245",490,0.001
"246",492,0.001
"247",494,0.001
"248",496,0.001
"249",498,0.001
"250",500,0.001
"251",502,0.001
"252",504,0.001
"253",506,0.001
"254",508,0.001
"255",510,0.001
"256",512,0.001
"257",514,0.001
"258",516,0.001
