"","guild","mat_ori$id","Resource.Acquisition.Substrate.degradation.complex.carbohydrate.depolymerization.cellulose.breakdown","Resource.Acquisition.Substrate.degradation.complex.carbohydrate.depolymerization.chitin.breakdown","Resource.Acquisition.Substrate.degradation.complex.carbohydrate.depolymerization.heteromannan.breakdown","Resource.Acquisition.Substrate.degradation.complex.carbohydrate.depolymerization.mixed.linkage.glucan.breakdown","Resource.Acquisition.Substrate.degradation.complex.carbohydrate.depolymerization.xylan.and.heteroxylan.breakdown","Resource.Acquisition.Substrate.degradation.complex.carbohydrate.depolymerization.xyloglucan.breakdown","Resource.Acquisition.Substrate.degradation.simple.compound.degradation.protein.degradation"
"1","1","grassAmbDry1_bin.1.orig",0.627056503572105,0.801552240295489,0.360811458153339,0.415235245417945,0.808387186514091,1.16320301136029,0.604885985138041
"2","2","grassAmbDry1_bin.10.strict",0.422415614532217,0.539964389549083,0,0,0.326741244107409,0.783589855252943,0.992126386363912
"3","1","grassAmbDry1_bin.11.orig",0.744475364891811,0.634430755096181,0.571166480076684,0.328659814107611,0.89577688678857,0.920678313562458,0.999169846807335
"4","2","grassAmbDry1_bin.12.orig",0.85196068276821,1.08904219958865,0.653629934969253,0.376110819551811,0.732219074825813,0.351201110483372,1.04814165287188
"5","3","grassAmbDry1_bin.14.orig",1.31244448202324,1.25825122078676,0.75518713960624,0.869097447336625,1.52277660244543,0.811537378761423,1.04585999684575
"6","2","grassAmbDry1_bin.15.strict",0.588068917972023,0.751715285565836,0.451170407726516,0.519223685235673,0.606500212172509,0.242417826561511,1.61139514936664
"7","2","grassAmbDry1_bin.16.orig",0.593643631332968,1.13826197461017,0.683171047663208,0.393109325145528,0.612249648561483,0.367073810046191,0.995920825841078
"8","2","grassAmbDry1_bin.17.orig",0.865720085891933,1.10663053546607,0.664186241088631,0.382185114399072,1.041662464524,0.713746213135348,0.871420445582218
"9","3","grassAmbDry1_bin.18.strict",1.06892084549522,1.36637750110939,1.23012483473678,1.06175505815608,1.24022591102447,0.991435332623779,1.07595918663927
"10","2","grassAmbDry1_bin.19.orig",0.331480446167296,0.423724006889264,0.38147102358277,0.439011041689003,0.427337159785637,0.409935469390029,0.778547207755206
"11","1","grassAmbDry1_bin.2.orig",1.47308925825054,0.470754225647773,0.847622949816488,0.487738007809265,1.51925891740549,0.910870525722619,1.05030877466189
"12","1","grassAmbDry1_bin.20.orig",1.09041222153902,0.464616481418187,0.836571550624175,1.4441364816031,0.749725328112393,1.79798899566513,1.03661473588381
"13","4","grassAmbDry1_bin.21.orig",1.11338511578853,1.42321517883648,1.70839301753691,1.47456166761845,1.14828090436091,0.917934587756033,1.05845422028663
"14","4","grassAmbDry1_bin.3.orig",1.09751883552041,1.05220025193079,1.8945535329226,1.45354844554525,1.1319173421067,1.01796026931342,0.736496987321039
"15","1","grassAmbDry1_bin.4.orig",1.00906869921718,0.773921908340351,0.464498553693195,0.534562211317317,0.936625496300884,1.24789578282278,0.880284549838566
"16","5","grassAmbDry1_bin.5.orig",1.50222248964475,1.53620580619151,0.69150908585977,1.19372156213657,1.23944419554335,1.11466173382061,1.00807594558015
"17","2","grassAmbDry1_bin.6.orig",0.346984554556189,0.443542560308465,0.399313307087674,0.229772302570191,0.357859766988949,0,0.727644343104795
"18","4","grassAmbDry1_bin.7.permissive",1.80843180236694,1.15583887125903,1.38744097619236,1.99589834674578,1.39883384198079,1.86371058568413,0.910169737716109
"19","4","grassAmbDry1_bin.8.orig",1.87191225201001,0.797607791689042,1.4361436018079,1.2395756027349,1.60881820610352,1.15747887478314,0.680419246717409
"20","3","grassAmbDry1_bin.9.strict",0.693806076824835,1.33031508015998,0.798438994982949,0.459436645568088,0.715551391921817,0.42900829152574,2.21151913474001
"21","4","grassAmbDry2_bin.1.orig",1.27569360626876,1.63069047559567,1.46808100262944,1.68952221900111,1.15121691832501,1.18321924414445,1.12358176771284
"22","2","grassAmbDry2_bin.10.orig",0.5007582792387,0.640108057700958,0.576277652445067,0.331600877736274,0.645566347165494,0.309639049036178,0.840092561738339
"23","2","grassAmbDry2_bin.13.orig",0.622574128376597,0.397911260394806,0.716464553954742,0.412267027795195,0.802608608901779,0.384962703678368,0.835564648356973
"24","5","grassAmbDry2_bin.14.orig",1.4463952881915,0.92444730020205,0.832263105518506,1.43669900330081,1.11879622740306,1.78872913393227,0.606632967102602
"25","2","grassAmbDry2_bin.15.orig",0.510160210022036,0.652126334585985,0,0,0.394612263330489,0.315452642195901,1.02703875023922
"26","5","grassAmbDry2_bin.16.orig",1.41890146333014,1.20916657452921,1.0885906943391,1.25279065813781,1.09752957382439,1.75472805142442,0.912489389787571
"27","3","grassAmbDry2_bin.17.orig",0.95033193694462,1.21478796367307,1.45820203844622,1.25861485469892,0.816764418501149,1.17525716268377,0.79715785490688
"28","5","grassAmbDry2_bin.19.orig",0.984222405781209,1.67747918474937,0.75510201362318,0.868999481189296,1.01506996831218,1.21716885132487,1.10078116391811
"29","2","grassAmbDry2_bin.2.orig",0.407838902199538,0.781996958508785,0.938690201957861,0.27006989909377,0.525776769432978,0,0.923679741595957
"30","5","grassAmbDry2_bin.20.orig",1.23964607593038,1.26768938196174,1.14127771440699,0.985068630283944,1.02279931496921,1.53304637389547,1.12302770619523
"31","4","grassAmbDry2_bin.21.orig",1.71479743936628,1.0959935199994,1.97340609980362,1.70330185123926,1.32640704901785,0,1.22264607337719
"32","1","grassAmbDry2_bin.22.orig",0.946267112443319,0.80639465989226,0.725982458674264,0.417743807166758,1.30123343694226,1.17023027268409,0.79374819702413
"33","4","grassAmbDry2_bin.23.orig",1.32970346193607,1.27479754548263,1.53023608647582,1.76105260117639,1.19995672488589,2.05552325605053,0.780767711491403
"34","1","grassAmbDry2_bin.24.orig",0.806556278035389,1.03100276912975,0.61879537192768,0.712132728381038,0.831835417257682,0.664968387022224,0.76676334565566
"35","1","grassAmbDry2_bin.25.strict",0.506870484130204,0.647921151889474,1.16662327833031,1.00694509349929,0.914824490556149,0.626836943881145,0.765311981894493
"36","1","grassAmbDry2_bin.26.orig",0.471190214057348,0.301155932146032,0.54225042634317,0.936062937190182,0.971916576665549,0.874067763898063,0.711439170083708
"37","1","grassAmbDry2_bin.27.orig",0.771689158663435,0.789146331043248,0.355227050822173,0.613212752647191,0.875463039403739,0.763466469621524,0.673200986391053
"38","5","grassAmbDry2_bin.28.orig",0.796721845293987,1.35790884627846,1.22250065868304,1.05517441913413,1.23253912963037,1.64215087898451,1.15839805468689
"39","5","grassAmbDry2_bin.29.permissive",1.25275916644852,1.06758259763115,0.480562606385362,1.10609864122612,1.39969182769422,1.03284205321631,0.735587997953878
"40","4","grassAmbDry2_bin.3.orig",1.49400670138801,1.14585312011806,1.37545432246791,1.9786549881005,1.07858236948251,1.47808739969233,1.2030752264088
"41","5","grassAmbDry2_bin.30.strict",1.10562313170942,0.706646604489205,0.848241462659548,1.22023477900273,1.23529861397901,1.13941898812394,0.83467735511265
"42","2","grassAmbDry2_bin.31.orig",0.335429728299755,0.428772285509769,0.386015897088599,0.222120725576698,0.345942788617926,0,0.815959407062561
"43","1","grassAmbDry2_bin.32.orig",0.775426608048016,0.743407808536685,0.446184360654719,0.256742778411673,0.899696339024445,0.719216338904162,0.813054612129298
"44","2","grassAmbDry2_bin.34.orig",1.02660641654861,0.43742930575827,0.787619310209705,0.453210797745576,0.88231865124694,0,0.918547677399969
"45","1","grassAmbDry2_bin.35.orig",1.06940467574999,0.683497985226866,0.615340815724405,0.708157096619734,1.10292202651577,0.991884090276501,0.807334652016574
"46","5","grassAmbDry2_bin.36.orig",1.11965520022159,1.43123008689585,0.85900695948892,0.494288578673015,1.34720542388516,1.84620796536588,1.18964024785961
"47","1","grassAmbDry2_bin.37.orig",1.48050088609421,0.630830339981642,1.13585018355003,0.653589318003273,1.01793522731343,0.610302289512305,1.40745766114781
"48","1","grassAmbDry2_bin.38.orig",0.6865208351786,0.62683154242103,0.677190056395763,0.389667751547102,0.40459303757657,0.606433618093285,0.575867710054391
"49","1","grassAmbDry2_bin.39.orig",0.465805951205105,0.595429282057498,0.71473888350155,0.411274044925681,0.72060790734706,0.768070971545078,0.677261092970866
"50","2","grassAmbDry2_bin.4.orig",0.328597662028367,0.420039008692636,0.378153486669322,0.435193096822484,0.42362073910246,0.406370385890214,0.771776420615647
"51","1","grassAmbDry2_bin.40.orig",1.0132857335128,1.29526038742895,0.583049694807431,1.00649291053556,1.04504420074813,0.939833180802807,1.01995774360497
"52","3","grassAmbDry2_bin.5.orig",1.06442482636929,1.36063034087379,1.22495077081281,1.05728917925715,1.23500936066909,1.31635363676286,0.892861302784584
"53","4","grassAmbDry2_bin.6.orig",1.92213412999472,1.4742125240092,1.76960899506549,2.03653184718857,1.9823777826688,1.42623970599878,0.902902223730635
"54","2","grassAmbDry2_bin.7.orig",0.748299141968797,0.637689320648078,0.574100107429117,0.660695755680485,0.771752382250834,0.308469034955099,1.12983950993481
"55","2","grassAmbDry2_bin.8.orig",0,0.978501150594084,0,0,0.394737985805118,0,1.027365962202
"56","3","grassAmbDry2_bin.9.strict",0.563403419714879,1.08027889996361,1.29674061739495,1.11925299835942,1.16212329253574,1.04512520114174,0.80341031894268
"57","1","grassAmbWet1_bin.1.strict",0.830122392264839,0.707417868989345,0.636875452408886,0.916174946796175,0.856140142169061,1.02659633911713,0.673112843848736
"58","2","grassAmbWet1_bin.10.orig",0.415972368755203,0.531728133234191,0.957410351807665,0.550911720532976,0.858019603477608,0.514424999153298,1.5352749544244
"59","5","grassAmbWet1_bin.11.orig",1.04630435225644,1.33746734593214,0.802731698253131,0.923813493714618,1.25894730638106,1.29394439619706,0.877661478689289
"60","1","grassAmbWet1_bin.12.strict",0.378450880969609,0.645020344535527,0.580700095017231,0.501218450148751,0.650520521745661,0.780038165775888,0.571414203100782
"61","5","grassAmbWet1_bin.13.orig",1.13707475320887,1.16279768808836,1.04684562848162,1.20474888375783,0.938170419148042,1.40619839896372,0.915649484630543
"62","1","grassAmbWet1_bin.14.orig",0.816159166084555,0.695518616781822,0.626162771877054,1.08091710937898,0.98202915958868,0.672885524549645,0.867173923223478
"63","1","grassAmbWet1_bin.15.orig",0.839313815094402,1.07287599278127,0.965890760233954,1.11158301048805,0.865619643169589,0.778472395735097,0.80963862266196
"64","2","grassAmbWet1_bin.16.orig",0.671020009487911,0.428874901084801,0.772216560052185,0.444347768873789,1.03807674327495,0,1.06944407114972
"65","1","grassAmbWet1_bin.17.orig",0.669896074425805,0.856313101231416,0.385461562152475,0.665405252837946,0.690892000675521,1.24267131690937,0.842883781350177
"66","1","grassAmbWet1_bin.18.strict",0.963952116057198,0.616099166312512,0.554662883812353,0.638326675829033,1.24270545731479,2.08617670675656,0.929870150497704
"67","2","grassAmbWet1_bin.19.orig",0.301498403081814,0.385398634826457,0.34696738755487,0.399302974081664,0.388684982003018,0.37285725543313,0.809289675458074
"68","4","grassAmbWet1_bin.2.orig",1.62995237341657,0.694510499476209,2.50102072874438,2.87826767312414,1.12069229767302,1.34382042541898,0.911491579647816
"69","2","grassAmbWet1_bin.20.orig",0.560437878923289,0.716395149142662,0.644957534597754,0.742241118210376,0.578003159304289,0.69308270703974,1.17526687256088
"70","2","grassAmbWet1_bin.21.strict",0.304907296069921,0.389756146144782,0.70178075162204,0.201908847435719,0.628927440671674,0,0.460372450863444
"71","2","grassAmbWet1_bin.22.orig",0.796653103365762,1.01834376344644,0.611197590074338,0.351694459222962,0.821621856644711,0,0.890998543836116
"72","1","grassAmbWet1_bin.23.orig",0.783291195740541,1.25157942141766,0.45070968387033,0.518693467086636,0.807841159243338,0.968681102332411,0.821300833279742
"73","2","grassAmbWet1_bin.24.orig",0.641013234366065,0.409696407850186,0.368842231074336,0.636716036366417,0.743741901863724,0.396364346906986,0.564579754462307
"74","1","grassAmbWet1_bin.25.orig",0.63024758606316,0.604223497011774,0.725295246057271,0.417348372247463,0.812501058521136,0.779415024361168,0.898729749258718
"75","2","grassAmbWet1_bin.26.orig",0.961468523511,0.737414167243593,0.885174099521386,0.509345637654564,0.892442639148148,0.7134177385962,0.838759429421831
"76","2","grassAmbWet1_bin.27.orig",0.488873437735384,0.6249159318267,0.56260045758845,0.323730765473233,0.504195740755199,0.302290171995889,1.06620028546813
"77","4","grassAmbWet1_bin.28.orig",1.5805069780892,1.34688437365504,2.42515105262894,2.79095402808966,0.815021665196079,0.651527490714811,0.883841040755821
"78","4","grassAmbWet1_bin.29.orig",1.12250352283168,0.717435516847204,1.93768247621047,1.48663804020947,1.30239573874819,0.694089219808348,0.659105230414497
"79","5","grassAmbWet1_bin.3.orig",1.06576064156178,1.08987030673783,0.981190432272108,1.12919044209815,0.879331024617187,1.58160673635228,0.715185449499274
"80","5","grassAmbWet1_bin.30.orig",1.38562097536075,1.06272489704569,1.27566921760894,1.10106568543518,1.28614427812397,1.37085657147814,1.0228127344912
"81","6","grassAmbWet1_bin.31.strict",2.89769114840371,1.23468449730667,2.2231280330191,3.83768763516049,1.99234051498348,1.1945062368965,1.78247121682399
"82","2","grassAmbWet1_bin.32.strict",0.538439438563097,0.688275037074179,0.619641508695001,0.356553247021284,0.416486431798753,0,1.08396961816654
"83","2","grassAmbWet1_bin.33.orig",0.556069424635816,0.473874034782692,0.426620182379926,0.49097037282971,0.477914823865808,0,0.808500160468552
"84","4","grassAmbWet1_bin.34.orig",1.70860291955976,1.31044123470228,1.5730219074027,1.81029211519822,1.40972325054032,0.845198500158179,0.9745835176113
"85","2","grassAmbWet1_bin.35.orig",0.336915860083627,0.430671974379833,0.387726152457588,0.223104838320102,0.347475498840637,0,0.87609692254767
"86","5","grassAmbWet1_bin.36.orig",1.1915007104549,1.21845487076617,1.09695277865635,0.946810541830868,0.983075842452831,1.1788047437884,1.07941156413365
"87","3","grassAmbWet1_bin.37.orig",1.46670680800757,1.12491501590487,0.675160364740288,0.776999658448368,1.36140878519343,0.725539199370672,1.03345506786865
"88","1","grassAmbWet1_bin.38.orig",0.979325394837529,1.25184964949498,1.12701749110331,0.648506822515756,0.757514606200212,1.21111281241513,1.64295632011367
"89","1","grassAmbWet1_bin.39.orig",0.600921810038012,0.768144848724947,0.691546848747505,0.397928916846704,0.774694925519939,1.11472260481533,0.957724446190735
"90","4","grassAmbWet1_bin.4.orig",1.12787436816645,1.44173646461785,1.29796914017691,1.49375116085484,1.45403034978425,1.74352557546466,0.946084075447008
"91","3","grassAmbWet1_bin.41.strict",1.13517811638129,1.45107268186591,0.870916244606433,0.501141402795941,0.975630785494081,0.46795095493626,1.20613343774885
"92","3","grassAmbWet1_bin.42.strict",1.26474417496903,1.07779604237906,0.970320191480785,0.558340282353616,1.30438386899943,0.521361569507248,0.777988395957932
"93","1","grassAmbWet1_bin.43.orig",0.86477389330297,1.10542103873793,0.497595236853654,0.572651105237122,0.891877692802072,1.60417377238814,0.906737523708309
"94","3","grassAmbWet1_bin.44.orig",0.672865283881212,0.86010857496836,0.774340120339805,1.3367091148597,0.69395427128642,0.416059754313365,0.903061047178192
"95","1","grassAmbWet1_bin.45.orig",0.676281848691446,0.648356919753409,0.389135968702919,0.671748218414266,0.959032137652487,1.04543088547434,0.822554606388845
"96","4","grassAmbWet1_bin.46.orig",1.55332241719322,0.992788573525463,1.78757902401791,1.54290931863907,1.40175590557094,1.44072288780977,1.1726627361852
"97","1","grassAmbWet1_bin.47.orig",0.7596664024514,1.45659674198432,0,0,0.979344895186711,1.40919716473222,1.40189215559131
"98","1","grassAmbWet1_bin.48.orig",0.765201923433505,0.489070213379914,0.293534017219587,0.675619728389507,0.723419520806973,0.788592040364659,0.770240418289237
"99","5","grassAmbWet1_bin.49.orig",1.30936640766933,0.836866830545779,0.502277333453355,1.15607887228314,1.2378709333958,1.34939013531979,0.91526942345763
"100","2","grassAmbWet1_bin.5.orig",0.517098366021534,0.330497611759509,0.595081988274075,0.684842484519354,0.533305296575865,0,0.780754823420902
"101","5","grassAmbWet1_bin.50.orig",1.25995641913242,1.20793048713768,0.724985244881608,0.834339983612344,1.46187681188468,1.16862283747052,0.951189479775688
"102","5","grassAmbWet1_bin.51.orig",1.48332036705416,1.51687607928808,0.68280798492197,1.178701236278,1.37682962125683,1.46751493297375,1.04516113393332
"103","5","grassAmbWet1_bin.52.orig",1.10058111576996,1.40684811328311,0.844373194302472,0.971736076107415,1.13507560054261,1.36106742195966,1.10782792490661
"104","4","grassAmbWet1_bin.53.orig",1.21368570517661,1.55142716877516,1.39672168785435,1.6073992655474,1.09525948116587,1.50094168448307,1.06896759799457
"105","1","grassAmbWet1_bin.54.orig",0.38365880481361,1.9616897217753,0,0,0.593525195967869,1.42339031507314,0.772370035281709
"106","1","grassAmbWet1_bin.55.strict",0.738896909653427,0.472257659322733,0.850329977851486,0.733943523121168,0.857312397629899,0.456889772823504,0.68178201516558
"107","3","grassAmbWet1_bin.6.permissive",0.640623439469488,1.22834182446253,1.47447176454084,0.848438472747654,1.15622832656489,1.18836996298405,0.967262465380642
"108","1","grassAmbWet1_bin.7.strict",0.815892793074419,0.782203069903904,0.938937613082681,1.08056432629929,0.946647627701769,1.26124858558061,0.752826308181829
"109","2","grassAmbWet1_bin.8.orig",0.495288696559291,0.633116413048224,0.569983201814842,0.327978933791381,0.510812067037599,0,0.955554051155941
"110","1","grassAmbWet1_bin.9.orig",0.961800756682474,0.922086223703547,0.553424980834578,0.318451025520932,1.23993197303992,0.892080323007938,0.887455948876992
"111","3","grassAmbWet2_bin.1.orig",1.43553887551306,1.22334472799382,1.10135502826099,0.633740164174452,1.23377635677895,0.591767739309404,1.0436047728854
"112","1","grassAmbWet2_bin.10.orig",1.0686564181849,0.546415795847818,0.491928211653901,1.13225856373612,0.881720253610799,1.05726941174489,0.609559376979687
"113","4","grassAmbWet2_bin.11.orig",0.837771176042318,1.42787209591975,1.28548730097827,1.47938659607788,1.440047757707,1.38140725649929,0.843287505303265
"114","2","grassAmbWet2_bin.12.orig",0.500352483040251,0.319794668768798,0.575810658108062,0.662664321020971,0.645043203803942,0,0.629558836084249
"115","2","grassAmbWet2_bin.13.orig",0.790745647176314,1.01079239492362,0.606665350168153,0.349086524098936,0.543686165719936,0,0.707513187059403
"116","2","grassAmbWet2_bin.15.strict",0.455679051309735,0.582484293444605,0,0.201166350639358,0.391634144762872,0.37568632468813,0.66253703185958
"117","1","grassAmbWet2_bin.16.strict",0.794293435587718,1.01532745314095,0.365632342302083,0.631174947293475,0.983025878407195,0.785829887984974,0.612968004684965
"118","1","grassAmbWet2_bin.17.orig",0.877940051155756,0.897800834011271,0.80827377622068,0.930191523161795,0.81491085470604,1.52002412081732,0.765891423761781
"119","5","grassAmbWet2_bin.18.orig",1.36025053505999,1.39102215832784,1.25231197179325,1.08090539504099,1.12230687650239,1.6821955805394,1.14100595435166
"120","2","grassAmbWet2_bin.20.orig",0.503611862597302,0.515004583356923,0.463649267846006,0.133396205394388,0.467456488457272,0.49824565562463,0.4562351189156
"121","3","grassAmbWet2_bin.21.orig",0.95884396255802,1.22566869477307,1.10344725332174,1.26988813876328,0.988896112274098,0.889337865342683,0.68365322859138
"122","4","grassAmbWet2_bin.22.orig",1.69362296075551,0.865968071888981,1.5592306378799,1.7944206093036,1.39736368122392,2.09447082449214,0.966038980564101
"123","5","grassAmbWet2_bin.23.strict",0.767738556113825,0.981382947323978,0.883521234000296,1.01678909619374,1.18770160166381,1.89889490622023,1.15919063025449
"124","3","grassAmbWet2_bin.24.orig",0.957597679210393,0.816050399180221,1.10201301793986,1.05686463945286,0.90530987051348,0.986868804914355,0.722927257237787
"125","6","grassAmbWet2_bin.25.orig",0.951003985871752,1.21564702871755,4.37769971793386,2.51900982586008,0.980810414529607,0,1.91453179988312
"126","3","grassAmbWet2_bin.26.orig",1.12680183417889,0.960243645678939,0.864489904868018,0.497443567405572,1.16211813040997,0.464498026097282,1.13422129441686
"127","4","grassAmbWet2_bin.27.strict",1.44762167701426,1.387846699262,1.66593755160004,1.91722289427855,1.3063689883868,0.447561446329265,0.789291525242312
"128","1","grassAmbWet2_bin.29.orig",0.750722606572301,0.719723880994685,0.863939108526862,0.994253257896409,0.871033278644165,0.928404156761644,0.692693615106997
"129","1","grassAmbWet2_bin.3.strict",0.607064816896849,0.77599731637627,1.04792442402101,0.80399360119156,0.860875787467462,0.750745341217457,0.636522972150638
"130","4","grassAmbWet2_bin.31.orig",1.35107494137354,1.38163899412044,1.24386447956614,1.78935688144016,1.25407837789974,1.33667864075105,1.17864164995687
"131","3","grassAmbWet2_bin.32.orig",1.04511613194506,1.0687587764833,0.962184105218041,1.38414656754631,1.40123389847254,1.03397995765883,0.841598184194993
"132","5","grassAmbWet2_bin.33.orig",1.20573852611397,1.02751231222031,0.925050662963775,1.33072838452012,0.932646645950792,1.49111356153634,0.943971581273048
"133","2","grassAmbWet2_bin.34.orig",0.678214188584038,0.866945959674928,0.780495693543673,0.449111736244422,0.874338527134573,0,1.30846982770853
"134","1","grassAmbWet2_bin.35.strict",0.554295909330143,0.708544007404769,0.637889294360352,0.550580043346281,0.786044445589508,0.514115288849223,0.557945687254356
"135","2","grassAmbWet2_bin.36.orig",0.612711344597766,0.783215145874533,0.705114363417146,0.405735917090535,0.473936237499879,0.378864146516678,1.13070056127481
"136","1","grassAmbWet2_bin.37.orig",0.590514547547291,0.566131109179039,0.67957006664487,0.586555880555036,0.837405927639428,1.46055588514724,0.668703159195283
"137","5","grassAmbWet2_bin.39.orig",1.11620339581052,1.90242363049286,0.856358712054071,0.492764727851917,1.53491668679772,0.920258129425017,1.18597268533292
"138","1","grassAmbWet2_bin.4.orig",0.782544236420273,0.600185229490279,0.360223903783908,0.829118131994318,0.726363709808012,0.774205881727345,0.603900973726833
"139","1","grassAmbWet2_bin.40.orig",0.724872098433214,1.23545029008171,0.556126722914551,0.640011316311253,0.747591086796037,1.7928706646484,1.13500339610784
"140","5","grassAmbWet2_bin.41.orig",0.778018976350411,1.32603223671983,1.19380272635215,1.03040443323472,0.936137647212653,1.60360175063232,1.13120491679407
"141","5","grassAmbWet2_bin.42.orig",1.12811446798345,0.96136225254636,0.865496966303677,1.24505762320768,0.969559920723702,1.16259782265075,0.977828325284221
"142","6","grassAmbWet2_bin.44.orig",1.45219294447188,0,3.34239642411836,3.84655411598103,1.49770767000394,1.79589898354524,2.19263242825063
"143","1","grassAmbWet2_bin.45.orig",0.658448057897912,0.841679358908995,0.378874316006613,0.654033981049609,0.763970827129297,1.01786250442622,0.800863551401962
"144","2","grassAmbWet2_bin.46.orig",0.8647852977291,0.368478538919874,0.663469065356886,0.381772438146351,0.59459296977764,0.356487761741917,0.677039612883578
"145","2","grassAmbWet2_bin.47.orig",0.734393041965335,0.469379062884597,0.422573440861712,0.729469848274943,0.852086740903173,0.454104849706415,0.770029869607733
"146","2","grassAmbWet2_bin.49.orig",0.327596489499183,0.418759232342151,0.754002654553593,0.433867148942212,0.675728079876774,0,1.04421960141466
"147","2","grassAmbWet2_bin.5.orig",0.31169689432242,0.398435137047507,0.358703913608026,0.412809804770961,0.401832648271875,0.38546953269451,0.758227406866217
"148","1","grassAmbWet2_bin.50.strict",0.965334322565154,0.987172140919835,0.88873313979469,1.02278715122421,0.896030904209292,0.955048258718298,0.77735247613099
"149","1","grassAmbWet2_bin.51.orig",0.46617663077639,0.744878891781661,0.536480744396262,0.463051495166302,0.540886015124071,0.720639551161991,0.527901957772209
"150","1","grassAmbWet2_bin.52.orig",0.642113552475953,0.492479596571486,0.591160575416255,0.680329576756569,0.662238717119266,0.635271548785307,0.710975725115736
"151","2","grassAmbWet2_bin.53.orig",0.403966658860916,0.516381504011332,0.46488888449007,0.267505709257812,0.312470856079262,0,0.948795375168635
"152","5","grassAmbWet2_bin.54.orig",1.55042001444894,1.58549365666549,0.713695563926631,1.23202109832178,1.27921070334755,1.1504247029776,1.30052400101001
"153","5","grassAmbWet2_bin.55.orig",0.722196246764795,0.923167236492509,1.10814758322912,0.956473089927261,1.24138561401821,1.48854359702728,0.888496362675307
"154","2","grassAmbWet2_bin.57.orig",0.444508222225395,0.852307310405466,0.511544522411133,0.588704461861408,0.573050034726013,0.274857369163986,0.894870199707869
"155","2","grassAmbWet2_bin.59.orig",0.529016084852941,0,0.608797018689758,0.350313125806998,0.954793947317879,0.327111990415291,0.843124061114914
"156","1","grassAmbWet2_bin.6.orig",0.690503744107433,0.706124337910601,0.635710909884457,0.914499698234896,0.854574668733625,0.853932651922983,0.625545347918913
"157","2","grassAmbWet2_bin.60.orig",0.425308200448068,0.815492875705397,0.978897889386736,0.281638024620232,0.548297797093258,0,0.856217309922716
"158","1","grassAmbWet2_bin.61.strict",0.551218342910279,0.704610023394639,0.634347600043528,0.730030810918471,0.710618329993863,0.340840542406047,0.693559820633422
"159","1","grassAmbWet2_bin.7.orig",0.722524719058252,0.923587115245373,0.554325797755401,0.637938744657717,1.24195022617388,0.595688249040907,0.606068503825559
"160","2","grassAmbWet2_bin.8.orig",0.376988746439469,0.722844367022814,0.433842432174322,0.249641003252262,0.486005440252376,0,0.948677600171716
"161","2","grassAmbWet2_bin.9.orig",0.464896522778548,0.594266780132165,0.535007583267515,0.307853312468996,0.719201009660057,0.287464278038942,1.2088905900966
"162","4","grassRedDry1_bin.1.orig",1.33755179634343,1.2823218076396,1.53926802846339,1.32858517195016,1.37947343156912,0.827062244254963,1.12196578832024
"163","4","grassRedDry1_bin.10.orig",1.39075425008852,1.4222159291975,1.28039515686086,1.84190795904934,1.43434336007303,1.37593514889497,0.979938199009455
"164","1","grassRedDry1_bin.11.orig",0.890610639999952,0.683068542936374,0.819938928845342,0.707712160991285,1.1022290597894,1.32168118502365,0.747062410237586
"165","3","grassRedDry1_bin.12.orig",0.623876979217757,0.39874396287421,1.43592777555157,0.826259544715183,0.643430571998219,0.771536617843784,0.627984915769057
"166","1","grassRedDry1_bin.13.permissive",0.929517078325779,1.18818079755276,0.534848790338061,0.615523880128917,1.19831257866568,0.862136871605728,0.857667718611807
"167","2","grassRedDry1_bin.14.orig",0.859821695353673,0.732727170240992,0.65966095641068,0.379581181442712,1.47795047123863,0.354441631325916,0.961648018795308
"168","5","grassRedDry1_bin.15.orig",1.16841219154435,1.12016629010201,0.672310237041946,0.773719625490572,1.35566172258418,1.08371460304788,0.784070424279821
"169","5","grassRedDry1_bin.16.orig",1.52088716466634,0.777646356990396,0.700100883979566,1.20855320337289,1.41169941801619,1.50468143975432,0.969570944616921
"170","1","grassRedDry1_bin.17.orig",0.623280603763446,1.32787598734013,0.478185048612551,0.550313138701488,0.428543669937138,1.02773212244126,1.15020512468181
"171","2","grassRedDry1_bin.18.strict",0.51596461036402,0.659545969134363,0.593777250887103,0.341670472104181,0.532136006674935,0.31904173712779,1.16856448809418
"172","5","grassRedDry1_bin.19.strict",0.88971161319061,1.13729836578889,0.682592701322329,0.785553067811995,1.07052984771274,1.46705223789068,0.945323831685124
"173","2","grassRedDry1_bin.20.orig",0.570643871866723,0.972588320829193,0.437801795790531,0.503838589411536,0.39235268609404,0.470469507674804,0.733957208280825
"174","1","grassRedDry1_bin.22.orig",1.07318133055681,0.914549055628225,0.823351895797418,0.473771991979638,0.830112787112029,1.10598553039131,0.960220199992578
"175","2","grassRedDry1_bin.23.orig",1.02618456272483,0.983811503257313,0.590471745850594,0.679536846073314,0.661467066189134,0,1.16205919373488
"176","1","grassRedDry1_bin.24.orig",1.16228469348573,1.11429180777668,0.668784443916815,0.384831005815069,1.34855223277108,1.07803128411786,0.926200751736881
"177","1","grassRedDry1_bin.25.strict",0.915651513029104,0.87784256771611,0.526870474501587,0.909513206299671,1.29848114300889,0.849276413883476,0.921680647688537
"178","2","grassRedDry1_bin.26.strict",0.78121310927723,0.998607165896916,0.899027884986793,0.517317363437799,0.604273455944399,0.483055586457698,1.11400579287263
"179","2","grassRedDry1_bin.27.orig",1.10213719674388,0.704418608315625,1.26835054505249,0.72983249000234,0.852510339230567,0,1.01694473094688
"180","3","grassRedDry1_bin.28.orig",0.878377380416603,1.12281007068265,1.01084550317747,1.16331860063363,1.01914598395335,1.08627235152488,0.69996085693141
"181","3","grassRedDry1_bin.29.orig",0.898035320062426,0,2.06693611474626,0.594676738692375,1.38927240203718,0.555291473019223,1.28059365219733
"182","1","grassRedDry1_bin.3.orig",0.954048504307605,1.21953876823221,0,0.631768528944438,0.245987588614977,1.76978005470407,1.04035800385805
"183","1","grassRedDry1_bin.30.strict",0.826805884015159,1.32110923187649,0.475748253820584,0.54750878462511,0.746129726739718,1.27811859672686,0.797572928151486
"184","2","grassRedDry1_bin.31.orig",0.750361284583048,0.479584985772643,0.863523295556059,0.745331043648456,0.580409367504571,0,0.660889303208972
"185","2","grassRedDry1_bin.32.orig",0.386732413638831,1.2358783888741,0.445055542157029,0.256093235256476,0.398853406051118,0.478264511063682,1.0056370672319
"186","2","grassRedDry1_bin.33.permissive",0,0.449569336372001,0,0,0.181361150379316,0.869879515593193,1.88808049355043
"187","5","grassRedDry1_bin.34.strict",1.0675740038756,0.909770575817878,0.81904991725765,0.471296553527813,1.28453964053877,1.76033088506408,1.49250482875123
"188","2","grassRedDry1_bin.35.orig",0.409534108859839,0.523498250259793,0.471295961813608,0.271192460696454,0.316777315112904,0,0.927519071393809
"189","4","grassRedDry1_bin.36.orig",2.36677451200282,2.26904601287496,1.36185392852353,2.35090822695076,2.4409541123928,0.731736088611217,0.893384478476047
"190","2","grassRedDry1_bin.37.orig",0.79635312185093,0,0.916451163374172,0.527343041827,0.615984354817327,0.49241726711297,0.935196188150528
"191","2","grassRedDry1_bin.39.orig",0.444094636136918,0.567676195798876,0.511068563390518,0.294078355259259,0.343510109287727,0.274601632197789,1.19205010798811
"192","3","grassRedDry1_bin.4.orig",1.47854727081889,1.4174953180731,0.850763517631643,0.979090297864866,0.953054997098784,0,1.05420032329727
"193","2","grassRedDry1_bin.41.orig",0.670036045988109,0.570994682489824,0.514056136655567,0.591594920946384,0.575863632696349,0,0.562039931907805
"194","4","grassRedDry1_bin.42.orig",2.24194406270633,1.14633069003664,1.03202068937033,1.18768779245633,1.84976897524105,1.66354136840012,0.902682484064641
"195","5","grassRedDry1_bin.44.orig",1.46227393698886,0.93459596020628,0.841399759701092,0.968314136979546,1.31959154393742,0.904182976201562,0.858609688579733
"196","4","grassRedDry1_bin.45.orig",1.74415636717354,0.891806359120447,1.60575411881351,1.84796156147302,1.25917528047652,1.72557161023258,0.994863129475456
"197","2","grassRedDry1_bin.46.orig",0.633222260016371,0.809433788230746,0,0,0.81633594149282,0.391546873110303,1.00920357384177
"198","1","grassRedDry1_bin.47.permissive",0.440549573432828,1.12628924358393,0,0.291730823619655,0.681535960141229,0.817228730666744,0.812992372904229
"199","1","grassRedDry1_bin.48.orig",0.589510561117959,0.753558105609562,0.339207334493909,0.585558624608391,0.683985419315444,1.27581358088776,0.66756623733642
"200","2","grassRedDry1_bin.49.orig",0.67985956211824,0.869049203696717,0.782389205916802,0.450201298475874,0.876459705807466,0.420384598757874,1.14056019609007
"201","1","grassRedDry1_bin.5.orig",1.2786992141139,0.980719485945866,0.588615954518571,0.338700566193722,1.18689865909835,0.948805581639449,0.943887154594408
"202","2","grassRedDry1_bin.50.orig",0.76694801236808,0.653581608676745,0.588407645550156,0.677161402679122,0.92281670454952,0.316156600973061,0.986441894509075
"203","2","grassRedDry1_bin.51.orig",0.914601251107557,1.16911423073698,0.701688198030229,0.403764437813573,0.943266742889413,0.377023237732962,0.767186225238405
"204","5","grassRedDry1_bin.52.orig",0.862663524048257,1.10272340113377,1.32368245279089,1.14250724800942,1.33455177032578,2.13367865734018,1.25427431670096
"205","1","grassRedDry1_bin.53.orig",0.71937812522673,0.613043263363851,0.551911709918872,0.317580261295091,1.11288738168703,0.889641041706892,0.844800707238071
"206","1","grassRedDry1_bin.54.permissive",0.99623660978368,0.424488958537515,0.764319391302311,0.879607182237075,0.34248690742546,1.23202658551114,1.00279635941286
"207","4","grassRedDry1_bin.6.orig",1.7829699397566,0.45582608312014,0.820743878923089,0.944542581142391,1.47108151947731,1.76397160704569,0.837531313933606
"208","2","grassRedDry1_bin.7.orig",0.330399133615399,0.844683578696535,0,0,0.511131787062632,0.817196462058158,1.1640112979297
"209","2","grassRedDry1_bin.8.orig",0.486727499480838,0.622172827169195,0.560130890312393,0.644619461076518,0.376486908273435,0.300963251787124,1.22483092799483
"210","1","grassRedDry1_bin.9.orig",1.07554431997993,0.458281379910693,0.82516479708993,0.474815169096251,1.47900546649827,1.33010489987765,1.02248036950072
"211","2","grassRedDry2_bin.1.orig",0.64564327433866,0.82531129177318,0.49534183907185,0.570057811260982,0.554899223128099,0,0.577684028185311
"212","2","grassRedDry2_bin.10.orig",0.761088277608246,0.648588030482408,0.583912017844003,0.671987667112555,0.784942355809681,0,0.851221873378355
"213","1","grassRedDry2_bin.11.strict",0.607172876860674,0.776135447000219,0.698740639171334,0.804136715266107,0.704478294653336,0.563159232666672,0.738498079909255
"214","3","grassRedDry2_bin.12.orig",1.51127142342386,1.28788287098984,1.15945754562735,1.33434686629506,1.5586377904782,0,0.84512357506851
"215","1","grassRedDry2_bin.13.orig",0.900034363406215,0.86287027909944,0.517884288255957,0.596000500185527,0.928243298848152,1.11305512435528,0.830463944272245
"216","1","grassRedDry2_bin.14.strict",0.892926073077349,1.1414073376421,0.513794142337806,0.886940112212037,1.15114027502798,0.828198329184743,0.898805571400562
"217","1","grassRedDry2_bin.15.orig",0.699578389320338,0.715404269985435,0.644065464098541,0.74121449030181,0.649354158549224,1.21121712669284,0.680711957925789
"218","2","grassRedDry2_bin.16.orig",0.5508120286909,0.352045320528381,0.633880009562838,0.72949269040257,0.568075615049073,0.340589301929924,0.6930485836241
"219","3","grassRedDry2_bin.17.strict",0.41877065124513,0.535305114871418,1.92770186988681,1.10923550367807,1.29568736454053,0,0.983565471165618
"220","3","grassRedDry2_bin.18.orig",0.919809469192924,1.17577177890128,2.11705193335634,0.609095525685997,1.42295729592615,1.13751061597369,1.54310997006427
"221","5","grassRedDry2_bin.19.orig",1.26250159881475,0.645530971542013,1.16231960646434,1.33764063235263,1.30207100587775,1.24904908630317,0.847209718796447
"222","5","grassRedDry2_bin.2.orig",0.720833803494977,0.921425655871023,1.10605703204792,0.954668676888602,1.11513933503356,1.78288250184614,0.886820189619842
"223","5","grassRedDry2_bin.20.orig",1.31140798937897,0.838171684561156,0.754590736538557,1.30261662675718,0.676255111854855,1.2163447103074,1.04503403718916
"224","2","grassRedDry2_bin.21.orig",0.844121751132626,1.07902186939794,0.647615854180286,0.745300411254731,0.580385513234153,0,1.27451984391661
"225","3","grassRedDry2_bin.22.orig",0.99504287753678,1.05995079541765,1.14510532790561,1.09819150029184,0.855191313329921,1.0254585999028,0.751196075250316
"226","3","grassRedDry2_bin.23.orig",1.43634777654154,1.10163065520101,0.661185373524689,0.760916718796667,1.18509270543341,0.710521428086545,0.86748327075394
"227","4","grassRedDry2_bin.24.orig",0.980057226212274,1.25278513309909,1.50381291999026,1.73064383844887,0.67384949560988,1.21201785415014,1.26054112059967
"228","2","grassRedDry2_bin.25.orig",0.715783124513305,0.609979657602335,0.549153601322949,0.315993194318921,0.984289660887382,0.590130115811282,1.16079946525855
"229","4","grassRedDry2_bin.26.orig",1.82139713563777,1.74618827755731,1.04804104995653,1.80918692887727,2.1132939182575,1.68936501016071,0.993086347134989
"230","4","grassRedDry2_bin.27.orig",1.83130459165002,2.34091551517048,1.05374184985257,1.21268531179722,1.88870145903727,1.69855427986984,0.998488221942025
"231","5","grassRedDry2_bin.28.orig",1.5591542961494,0.664343968964819,0.598096802946261,1.03246806805759,1.34001784275743,0.964088011274283,0.871900330028035
"232","2","grassRedDry2_bin.29.orig",0.417691699006421,0.53392591446574,0.480683798408998,0.276594396450631,0.430783019350361,0,0.875920838414829
"233","2","grassRedDry2_bin.3.orig",0.427704048468015,0.546724475832769,0.492206110635087,0.283224549175644,0.330831882389037,0,1.04042400640872
"234","2","grassRedDry2_bin.30.orig",0.776157297576263,0.496072217694819,0.893209606150412,0.513969417598025,0.600362752484783,0,1.10679623192739
"235","5","grassRedDry2_bin.31.orig",0.995372903707203,1.69648375938675,0.763656750222717,0.878844590237593,1.19766493684598,2.05159742813002,1.22457740317977
"236","2","grassRedDry2_bin.32.orig",0.288595444644739,0.553357609425058,0.332118533514918,0.191107180295403,0.297640621804434,0,0.702031299035129
"237","1","grassRedDry2_bin.33.orig",0.647785423740466,0.621037164919014,0.745477965634081,0.857923768823838,0.835110445676411,0.60082779727008,0.733557134426421
"238","3","grassRedDry2_bin.34.orig",1.17463383876107,1.12613103399249,0.675890204065001,0.388919792343792,1.2114492887847,0,0.936041531454136
"239","1","grassRedDry2_bin.35.orig",0.706415086263138,0.677245900186616,0.406474784782789,0.70167945003464,0.910694492190529,0.873609901639041,0.770322038891823
"240","3","grassRedDry2_bin.36.orig",0.586440516389671,0.374816868204392,1.34976326141826,1.16501832143787,1.36084673952463,1.08785950031967,0.885452927154701
"241","2","grassRedDry2_bin.37.orig",0.59886037595811,0.51033984257021,0.918899372964746,0.528751787152578,0.514691580612752,0,0.770249031590191
"242","3","grassRedDry2_bin.38.orig",1.37871212778773,0.881188368556438,0.79331787544977,0.912979716311647,1.4219238127934,0.426256668977952,1.09866731992838
"243","2","grassRedDry2_bin.39.orig",0.283014970302402,0.723543355952024,0,0,0.437827865809518,0.349999150890387,1.23447346014944
"244","1","grassRedDry2_bin.4.orig",0.885681028200699,0.679287695731409,0.407700245733401,0.703794909093984,0.913440100478909,0.87624370540893,0.921229915353806
"245","4","grassRedDry2_bin.41.orig",1.06547923793307,1.36197817148607,1.63488559762741,1.8814871507561,1.09887355737197,1.31765760719105,0.83416271377415
"246","2","grassRedDry2_bin.42.orig",0.4521997426147,0.578036771310158,0.52039600125322,0.598891072918932,0.582965770376798,0.279613346564115,1.13794316322082
"247","1","grassRedDry2_bin.43.orig",0.741151245074004,0.947396984964924,0.852924289673888,0.981576994694964,0.764380455507574,0.916567438747437,0.777116018251822
"248","1","grassRedDry2_bin.44.strict",0.613564970908791,1.04574175627907,0.941462300188415,0.541734915059627,1.05465894009241,1.01171194162016,0.857784732964232
"249","1","grassRedDry2_bin.45.orig",0.579582831523837,0.987823615890598,0.444659825436205,0.511731064993047,0.896622231378002,0.716758900376328,0.777865482587178
"250","4","grassRedDry2_bin.46.strict",1.59252468537156,1.52676639427278,1.83269338760004,1.05456585618261,1.64243769743626,1.47708340407698,1.33584225966197
"251","1","grassRedDry2_bin.47.orig",0.770400474327137,1.23098202196267,0.443292298095166,0.510157263667618,0.794546416002618,0.952739395982972,0.775473199196062
"252","1","grassRedDry2_bin.48.orig",0.918460475489083,0.704428434334689,0.422789412475101,0.243280890174223,0.852522230998823,0.908673873199231,0.770423421537919
"253","3","grassRedDry2_bin.49.strict",1.00048940736045,1.02312250496508,0.921098599262505,1.32504315715338,1.13503149244194,0.989828750547932,0.839230966384945
"254","4","grassRedDry2_bin.5.orig",1.3500316919857,1.29428638529775,1.553630017594,1.34098140538436,0.870215295569203,1.2521686009186,1.35892101587112
"255","5","grassRedDry2_bin.50.orig",1.32179377508221,1.35169542851756,0.60845341579088,1.05034623092793,1.36322152138263,1.30770947822768,0.886998110375152
"256","1","grassRedDry2_bin.51.strict",0.594546039425737,1.01332645919621,0.912279397268384,1.04988506006227,0.817573786649697,0.980351481016028,0.698204319785443
"257","3","grassRedDry2_bin.52.orig",0.606196916521785,0.77488789882614,2.79046997688153,0.80284415828431,0.937794569444342,0.749672025576219,1.3220749493763
"258","3","grassRedDry2_bin.53.strict",0.966420551379026,1.23535367803802,1.11216646776178,0.639961267513864,1.49506525055063,0.597576820802557,1.13491463899752
"259","2","grassRedDry2_bin.55.orig",0.342383728740686,0.218830714018152,0.394018630573692,0.453451294487377,0.264836056344061,0,0.631836635100339
"260","1","grassRedDry2_bin.6.orig",0.9023782384391,0.576744914130045,0.51923296570931,0.59755260835914,1.16332579470559,1.11595374936591,0.832626643591112
"261","2","grassRedDry2_bin.7.orig",0.405877856389268,0.518824544872516,0,0.268771299472101,0.313949179883272,0,0.953284199521236
"262","3","grassRedDry2_bin.8.strict",0.955526082475063,1.83214128480989,1.09962900363007,0.632746977504486,0.739105682233654,0.590840331100768,1.36257517760158
"263","2","grassRedDry2_bin.9.permissive",0,0.455952585937323,0,0.472402357333156,0.183936222544307,0.882230576020494,1.73536776626195
"264","2","grassRedWet1_bin.1.orig",0.571212638605462,0.486778854910276,0.43823815743723,0.252170385311906,0.49092968516987,0.235469214786471,0.702745761956869
"265","1","grassRedWet1_bin.10.orig",0.738588471064783,0.944121048527362,0.849975023628747,0.978182869640498,0.761737358868999,0.913398105598053,1.30104052548878
"266","3","grassRedWet1_bin.11.orig",0.978634395660057,1.25096636077125,0.750814854877511,0.432032829727938,1.17752462148425,0.806838844713554,1.36816422636953
"267","2","grassRedWet1_bin.12.orig",0.923321120476805,1.1802606438404,0.708378140141458,0.407613954911236,0.634839940646978,0,1.44573450916986
"268","1","grassRedWet1_bin.13.orig",1.3529877138961,0.864746898395724,0.778515918634865,0.895945073891587,0.697696571325862,0.836606894898133,0.851185313622392
"269","3","grassRedWet1_bin.14.orig",0.380311905577842,0,1.75066702822371,0.503683181813366,0.588347499014559,0.470324392676198,1.08464556183425
"270","5","grassRedWet1_bin.15.orig",0.838843156597954,1.4296991474662,1.28713216228477,1.11095967273406,1.15351231101867,1.38317485338103,1.17273131159278
"271","2","grassRedWet1_bin.16.orig",0.626953361470812,0.53428026404315,0.481002812894377,0.553555926635889,0.754370603494139,0,0.806381986372876
"272","1","grassRedWet1_bin.17.orig",1.09123917074546,0.836943908907531,0.502323594952312,0.867139013392707,0.787808601769511,1.34951441887029,0.732282978377901
"273","1","grassRedWet1_bin.18.orig",1.23763503186664,0.904023460004615,0.813875893326296,0.702478985911534,0.820558973169128,1.09325668179995,0.978830503039613
"274","5","grassRedWet1_bin.19.orig",0.825675095723104,1.05544192423314,1.26692691350419,1.09351995890317,1.1354046108939,1.70182742221283,0.784938901428312
"275","5","grassRedWet1_bin.2.permissive",1.25613318109601,1.60568682356586,0.963713779378587,0.554538829976482,1.51142015359707,2.07124754481637,1.47513826534643
"276","3","grassRedWet1_bin.20.orig",1.10253377738955,0.939562771173693,1.69174257871851,0.973460139616225,0.947574552174525,0.454494080297817,0.924827869903995
"277","2","grassRedWet1_bin.22.orig",0.280751029376281,0.358877733154626,0.64618220342345,0.371825256321563,0.434325519545138,0.347199378846661,1.27169839301012
"278","2","grassRedWet1_bin.23.orig",0.748185652799696,0.956388910317041,0.861019556669104,0.49544666451696,0.578726502072624,0,1.12966815527194
"279","1","grassRedWet1_bin.24.orig",0.906880920179301,0.772830336777207,0.695765108497295,0.800712363899863,0.935304440848053,0.747681419307482,1.11570837229976
"280","3","grassRedWet1_bin.25.orig",1.09523459188809,2.10002065788973,1.26040695812249,0.725261602363046,0.847171129171632,0.677227739537985,1.46992826223866
"281","2","grassRedWet1_bin.26.orig",0.870187206124169,0.741560503263426,0.667613445613386,0.384157191615269,1.34619100503766,0.358714573689287,1.07056519741194
"282","1","grassRedWet1_bin.27.orig",1.12791461966245,0.480595972400282,0.865343641334931,1.49380446973442,0.581632896444198,1.39487023861988,1.32456497491452
"283","4","grassRedWet1_bin.28.strict",1.54635857154221,1.18600525176813,1.42365196845303,1.63839163405698,1.11637724958935,1.52988143753258,0.726385620619634
"284","3","grassRedWet1_bin.29.orig",0.941912183422192,1.20402518191386,1.08396199199576,1.24746377532943,1.33572127729906,0.873633462018352,0.908609472570985
"285","5","grassRedWet1_bin.3.orig",0.580911203370936,1.1138486097079,1.33703688361013,1.1540338297601,1.19823632003153,1.79600418049701,1.0720164225677
"286","2","grassRedWet1_bin.30.orig",0.451585438365225,0.577251519989767,0.519689053758886,0.299038745724757,0.349304293866225,0,0.984877651624156
"287","3","grassRedWet1_bin.31.strict",1.20855966620706,1.54487466832826,1.11265807261808,1.28048829218022,0.623219210858367,0.896761446620725,1.0948657169926
"288","2","grassRedWet1_bin.32.orig",0.765009780353013,0.651929876384637,0.586920620982489,0.675450079500922,0.525991177698685,0.315357609599593,1.02672934671588
"289","2","grassRedWet1_bin.33.orig",0.487023922959482,0.933827607963198,0.560472017425983,0.645012042846108,1.13014858132605,0.301146542384294,0.857903806350147
"290","1","grassRedWet1_bin.34.orig",0.765660687641296,0.734045141054615,0.440565001056205,0.760527883201471,0.888365333941646,0.71015834495857,0.86703997864907
"291","4","grassRedWet1_bin.35.orig",1.67405193045766,1.06995148569975,1.92651575930394,1.10855299359165,1.9423351965713,1.03513385454583,1.19359463247156
"292","2","grassRedWet1_bin.37.orig",0.430915582408612,0.826244561272158,0.495901976119024,0.285351218903801,0.555526708205688,0,1.04823631733063
"293","1","grassRedWet1_bin.38.orig",0.853289263935665,0.654444297027285,0.392789538797043,0.226018404979085,0.792029800292068,0.844197089708033,0.744386736174069
"294","2","grassRedWet1_bin.39.orig",0.409617954617364,0.523605428407856,0.471392452352691,0.271247983146991,0.422456227140574,0,0.962068557892544
"295","5","grassRedWet1_bin.4.orig",1.01361017428029,1.29567511277274,0.583236379652792,0.671210117553634,1.04537881015922,1.25351213737172,0.935260627273823
"296","3","grassRedWet1_bin.40.permissive",0.972921788251098,1.24366406306683,1.11964815638872,1.28853274056013,1.00341516609388,1.203193595755,0.816106683952899
"297","4","grassRedWet1_bin.41.strict",1.44365917133581,0.615132361233474,1.66137746030479,1.59331247634677,1.2407553589969,1.48778785919216,0.686216799958598
"298","2","grassRedWet1_bin.42.orig",0.91869177466977,0.782895370069223,0.704826475070521,0.405570260782285,0.94748547190665,0.37870946157705,0.924740928022532
"299","1","grassRedWet1_bin.43.orig",0.817065416504187,1.04443636472321,0.626858053261314,0.721411561928712,0.842673933826554,1.01044902922557,0.913828231194172
"300","1","grassRedWet1_bin.44.orig",0.658039382900675,1.1215426117891,0.504852216483794,0.581002707298588,0.791774311947448,1.35630767176722,0.772767639952612
"301","1","grassRedWet1_bin.45.orig",0.735334379738679,0.469980708347806,0,0.486936583698046,0.568785958200989,0.909373833666998,1.11026431629506
"302","3","grassRedWet1_bin.47.orig",1.17142848048313,1.12305803088911,0.674045824830306,1.16357550670165,0.906107600969654,0.724341495186326,1.0317490629275
"303","5","grassRedWet1_bin.48.orig",1.51164397788153,0.966150267238873,0.869807528924593,1.00100685434964,1.55902202156186,1.40206569675922,1.20459797545255
"304","2","grassRedWet1_bin.49.strict",0.644175958958417,1.09791420731884,0.494216104896594,0.284381137251778,0.553638136399652,0.531093316179331,0.900579937147788
"305","5","grassRedWet1_bin.5.orig",1.23752814973201,1.26552354398138,0.569663924915204,0.983385647778069,1.27631483733277,1.2243417403577,0.830451127128428
"306","1","grassRedWet1_bin.50.orig",0.889192267370036,0.757756331796472,0.682194255734649,0.785094521810621,0.458530694567109,1.09964691346636,1.04422171039476
"307","1","grassRedWet1_bin.51.orig",0.483921716796205,1.23717251640317,0.556901967445198,0.320451748275088,0.499088822656912,0.897684969429967,1.29895497000972
"308","3","grassRedWet1_bin.52.orig",0.972825465894074,1.24354093636194,1.11953730765374,1.28840517171321,0.501657912397645,0.601537237877661,1.38724400754445
"309","2","grassRedWet1_bin.53.orig",0.439342781389239,0.561602006635917,0.505600081265938,0.581863377904621,0.453112691362662,0.543326737351566,1.10558911754686
"310","1","grassRedWet1_bin.54.orig",0.853610113543775,0.545575314945458,0.982343083941078,0.847887717381347,0.990409519274602,1.5834647259783,0.930833295990484
"311","4","grassRedWet1_bin.55.orig",0.58277227968858,1.48988942369777,1.34132037421156,1.54364137331006,0.901556349462242,1.441406458715,1.56429216299083
"312","3","grassRedWet1_bin.56.orig",2.07428332146329,1.32575488321627,1.1935530300329,0.686792608917672,1.87188368847625,0.641306536225375,0.956973188313184
"313","5","grassRedWet1_bin.57.orig",1.07418278105229,1.37310371511088,0.8241202153167,1.42264229195635,1.10784988750461,1.77122814795584,1.2614650644957
"314","5","grassRedWet1_bin.58.permissive",1.25159973259813,1.06659454547002,0.960235687364721,1.10507494230548,1.07568954388541,2.579715383936,1.32983209099942
"315","2","grassRedWet1_bin.59.orig",1.04559389061336,0.668279589387943,0.60163997049597,0.692389654366156,0.673978101378595,0.323266445499176,0.92091880538719
"316","3","grassRedWet1_bin.6.orig",1.61349002687137,0.687496016901055,1.23788034197865,1.42459873705315,0.832030068015144,0,1.35342841667477
"317","1","grassRedWet1_bin.7.orig",1.09863636022465,1.05327163197211,0.632160873629073,0.363757122415766,1.41633736542845,1.0189967852365,0.783324841209515
"318","1","grassRedWet1_bin.8.orig",1.20976502841,0.773207727875565,0.696104866845279,0.801103370443086,1.24768156246008,1.12206979440335,0.811820508180917
"319","1","grassRedWet1_bin.9.orig",0.75576794486893,0.72456088793705,0.869745334464439,1.00093527865174,0.974319091070361,0.93464362924569,0.855837361588298
"320","4","grassRedWet2_bin.1.orig",1.24855395238596,1.19699884934254,1.43684841661703,1.65357859740917,1.12672543498307,1.15804692957319,1.15204383531651
"321","4","grassRedWet2_bin.10.orig",1.24063484858629,1.58587565332323,2.14160254875401,1.23231793201761,1.11957904322616,0.383567292488324,0.832535897132031
"322","2","grassRedWet2_bin.11.orig",0.614328568006864,0.523521604149238,0.471316986895894,0.271204558919787,0.527985744886116,0,0.893206358431335
"323","1","grassRedWet2_bin.12.permissive",0.339692812349571,0.651332535106459,0.781843793979332,0.899774916609035,0.613094101418334,0.630137316193279,0.740847314544884
"324","1","grassRedWet2_bin.13.orig",1.01359418711131,0.647827338366913,0.583227180555554,0.671199530890395,0.914692031679429,0.62674618317422,0.765201171169038
"325","2","grassRedWet2_bin.14.orig",0.238524874108286,0.304900987580158,0,0.315901147901097,0.246000736195988,0.294979107695024,0.680270436697313
"326","6","grassRedWet2_bin.15.permissive",3.20259999911563,1.36460387510958,4.91411228591638,2.82767159266134,1.65148804808938,0,1.61184380709825
"327","5","grassRedWet2_bin.17.orig",1.45681827229997,0.465554516703601,0.838260542867549,0.964701409493096,1.31466821951242,0.900809518595033,0.855406262435672
"328","2","grassRedWet2_bin.18.orig",0.662677683538004,0.564723996224511,1.01682150352088,0.585098002044738,0.797355265597274,0,0.815272461034224
"329","6","grassRedWet2_bin.19.strict",2.35913728908944,1.50781609668516,5.42983772857016,3.12442960284849,1.82480814235734,0,1.97889258236194
"330","1","grassRedWet2_bin.20.strict",0.931789306738165,0.794056890721089,0.714874989288693,1.0283809068166,0.880910715369048,1.15232584982566,0.729496989807386
"331","1","grassRedWet2_bin.21.permissive",0.933726880389704,0.716137255769096,0.859633810506554,0.989298560811096,1.05929098977464,1.61661081366484,0.626583355229258
"332","1","grassRedWet2_bin.22.orig",0.883601137412819,0.806776772776847,0.581061174368469,0.668706810411746,0.716017516986315,0.936627832260675,0.698829399258116
"333","2","grassRedWet2_bin.23.orig",0.334748577639334,0.42790158592412,0.3852320220738,0.443339338632323,0.517860433933937,0.413977104498551,0.786223059111
"334","1","grassRedWet2_bin.25.orig",0.486864821583589,1.55587090731973,0.560288921966154,0.644801329781212,0.753186255638387,0.9031444907521,0.816784329170262
"335","1","grassRedWet2_bin.26.permissive",0.87002591666968,0.889707665767348,0.800987643917953,0.921806371120463,0.987023757968663,1.07594425751278,0.788179165407868
"336","4","grassRedWet2_bin.27.orig",1.5572845537946,1.99064185725025,1.79213869057557,2.06245985871071,1.40533143394689,1.44439781120176,1.04502569354763
"337","5","grassRedWet2_bin.28.orig",1.3974073195046,1.19084958710362,0.536050121706056,0.925359625421059,1.20100412535218,1.44012221553753,1.01588398139255
"338","2","grassRedWet2_bin.29.orig",0.578638392689318,0.739660456974705,0.665902868466875,0.383172893715095,0.596774114754226,0.357795465549831,1.16489690884046
"339","1","grassRedWet2_bin.3.orig",0.88412439656683,0.941796960256642,0.678306151353152,0.780619946681205,0.683876010596492,1.27560950471075,0.716900896102178
"340","3","grassRedWet2_bin.30.orig",0.772221553178843,1.31615128233557,1.18490708267454,1.36363514005346,0.796424571225908,1.27332198539679,1.16595940349356
"341","1","grassRedWet2_bin.31.strict",0.748447972973038,0.765379382640814,0.689057149885404,0.792992595645501,0.926287053511288,1.29582762581361,0.678038535848665
"342","5","grassRedWet2_bin.32.orig",1.17494481344213,1.00127037151425,0.901425520608889,1.03739401512287,1.41373167839679,1.93737542862559,0.985567727134132
"343","2","grassRedWet2_bin.33.permissive",0.597869548678264,1.52848642320926,0,0,0.308304007441267,0,2.00602079509522
"344","2","grassRedWet2_bin.34.orig",0.566148223168874,0.361847276948097,0.651529056054179,0.749803869511827,0.583892477529896,0.350072289772308,1.09226241576259
"345","2","grassRedWet2_bin.35.orig",0,0.399558079128328,0,0.413973260144371,0,0.38655593276039,1.0487784561368
"346","3","grassRedWet2_bin.36.orig",0.870766065675221,1.48410759740516,1.33611510106641,1.15323821353426,1.34708650834467,1.07685958550124,1.16866620102624
"347","5","grassRedWet2_bin.37.strict",1.32984423598547,1.35992800715845,0.612159236265774,0.704495616648773,1.64582916042493,1.31567415791203,0.937020444475914
"348","1","grassRedWet2_bin.4.orig",0.959814732053399,0.613454803804254,0.368188141532628,0.847449214011958,0.824914423075007,0.791322901569073,0.724600995557895
"349","2","grassRedWet2_bin.40.orig",0.227584659396856,0.581832713821648,0,0,0.352076448847363,0,0.687249592095207
"350","1","grassRedWet2_bin.5.orig",0.831626663143468,0.850439743321104,0.765635446907667,0.881121747974733,0.686153248002576,0.8227653135013,0.641778609151774
"351","1","grassRedWet2_bin.6.orig",1.52782491517889,0.781193705233666,0.703294497141349,0.809377464386036,0.787855051423175,1.13365894910171,1.12778227748108
"352","1","grassRedWet2_bin.7.strict",0.826169097557173,0.844858716543025,0.760610949916555,0.875339369965221,0.766856648737843,0.817365900688355,0.526685720638294
"353","4","grassRedWet2_bin.8.orig",1.60743221004716,2.05474447955913,1.84984911658147,2.12887516333651,1.4505858978782,1.4909102900879,0.809008197655102
"354","3","grassRedWet2_bin.9.orig",1.25285946528467,0.960901263717326,0.576721297625257,1.32742463769211,0.904488667580873,0.619754846983652,1.05092412979099
"355","2","shrubAmbDry1_bin.1.orig",0.357297740848377,0.456725674637073,0.41118182535706,0.473203337381199,0.368496189835368,0.441863219385056,0.779242486673734
"356","2","shrubAmbDry1_bin.10.orig",0.779593099255632,0.747402257612579,0.448581780599236,0.516244596860838,0.603020367583759,0.482053868895924,1.3405741867802
"357","1","shrubAmbDry1_bin.11.orig",0.548686138813677,0.701373163789556,0,0.726677172503077,0.707353869241649,0.339274778441785,0.736398638715789
"358","2","shrubAmbDry1_bin.12.orig",0.831864183902684,0,0.957317649907609,0.55085837813579,0.643452393865112,0,0.628006213798464
"359","1","shrubAmbDry1_bin.15.orig",0.593927016898134,0.542288258434175,0.390569811780081,0.4494822655505,0.525035928013224,0.524641483964847,0.540900818741887
"360","1","shrubAmbDry1_bin.16.orig",0.458028285615718,0.585487266877161,0.351402364682282,0.606610366059725,0.629845117167392,0.755246319669897,0.922088373008669
"361","3","shrubAmbDry1_bin.17.orig",0.348671231793405,0.891397203851679,1.60501740870672,0.923556864041128,0.359599308173622,0,0.935912181077395
"362","1","shrubAmbDry1_bin.2.orig",0.601633319576079,0.61524348430545,0.553892528850659,0.637440122687914,0.620489750132144,0.744028313322071,0.545035312879165
"363","1","shrubAmbDry1_bin.3.orig",0.588053276535992,0.501130194313052,0.45115840751216,0.519209874942678,0.707564760585167,0.727234136222512,1.0523116992889
"364","2","shrubAmbDry1_bin.4.orig",0.716512774824474,0.91590218200305,0.824570090883958,0.474472964086116,1.29319708826721,0.443048759086353,1.02174345558562
"365","2","shrubAmbDry1_bin.5.orig",0.611000663599642,0.781028420788889,0.468763796372819,0.539470811226823,0.630150686060158,0.503741817908875,1.6058955186867
"366","1","shrubAmbDry1_bin.6.orig",1.07803828768078,0.689016061305775,0.827078185793306,0.951832337075499,0.926521861393446,0.888792761062407,0.783709812090447
"367","1","shrubAmbDry1_bin.7.orig",0.942253583150679,0.903346189137361,0.542177439114481,0.935936942564185,0.971785756118434,0.873950113859126,0.987976958263698
"368","1","shrubAmbDry1_bin.8.orig",0.882088686059534,1.12755414930326,1.01511651095125,0.584116917613956,0.682301375187872,1.09086205157619,1.25785383582063
"369","2","shrubAmbDry1_bin.9.strict",0.723773991435162,0.925184032057093,0.555284247879914,0.639041764707883,0.746458562857173,0,1.41660497774202
"370","2","shrubAmbDry2_bin.1.orig",0.651792442507683,0.833171635288887,0.750089283038531,0.863230644397958,1.00833144532599,0.403029566228788,1.1481473312023
"371","1","shrubAmbDry2_bin.10.orig",0.530644749768251,0.67831126151277,0,0.702783247265775,0.957733440932292,0.656238119294121,0.712185061237199
"372","3","shrubAmbDry2_bin.11.orig",0.915739803449565,0.780379744410434,1.40512340600662,0.808534137637749,1.25925463975045,0.754985159268934,0.870560101712132
"373","1","shrubAmbDry2_bin.12.strict",0.897298521702905,0.917597232386686,0.413048056971131,0.713026599197922,0.92542171021659,0.887737409383395,0.72256544843546
"374","4","shrubAmbDry2_bin.13.orig",1.72876659760897,1.76787480090574,1.59158555782265,1.83165585452466,1.78294971253091,1.71034582546439,1.21810479893253
"375","1","shrubAmbDry2_bin.14.orig",1.02142546992888,1.30566522961232,0.587733339979022,0.676385386748944,1.18511893497525,0.631588581322988,0.856792563631594
"376","2","shrubAmbDry2_bin.15.orig",0.353439721846941,0.903588111253052,0.813483956756324,0.468093796350168,0.911293131379883,0.437092081755203,1.06730086866702
"377","4","shrubAmbDry2_bin.16.orig",2.84045940284416,0.726179087481968,1.3075316729861,2.25713411889506,2.63653673924814,1.40509652626759,1.42958124619142
"378","4","shrubAmbDry2_bin.17.orig",1.52198476632043,1.45913919900777,1.75151534094598,1.00785449854244,1.56968691166327,1.88220918247212,1.27667193362107
"379","3","shrubAmbDry2_bin.2.orig",1.7111737989062,1.09367751090591,0.984617989000955,1.13313500186011,1.3236041393919,0.529043901814728,0.645915402656604
"380","1","shrubAmbDry2_bin.3.orig",0.57307327892414,0.732546697081352,0.329749239852287,0.569231533986877,0.591034578832171,0.708708662326604,0.697023092205569
"381","2","shrubAmbDry2_bin.4.orig",0.350127521141419,0.447560143880621,0.402930264571038,0.463707134334875,0.45137655079614,0.216497973538137,0.851712953395504
"382","2","shrubAmbDry2_bin.5.orig",0,0.574912216732978,0.517583021546105,0.297826895625528,0.115962914458582,0,0.67907523426296
"383","1","shrubAmbDry2_bin.6.orig",0.60486003388902,0.552270708423373,0.397759426441189,0.457756341500153,0.534700796858178,0.641158910253764,0.536361472702472
"384","5","shrubAmbDry2_bin.7.orig",1.35090351032032,0.4317074015467,0.777316657440726,1.3418473792593,1.21908816385315,1.25297722159825,1.07650720498629
"385","4","shrubAmbDry2_bin.8.orig",1.26495279572683,1.61696073879615,1.45572037008259,2.09412142918372,1.46767390690789,1.95542838223254,0.795801196928643
"386","2","shrubAmbDry2_bin.9.orig",0.340146194755896,0.434801238614731,0.782887308024368,0.225243957845663,0.43850884858987,0.210326116699681,0.998625534393167
"387","2","shrubAmbWet1_bin.1.strict",0.494880584805223,1.26518946592428,0,0,0.255195582109223,0.612009266820386,1.24534785188867
"388","2","shrubAmbWet1_bin.10.orig",0.325330130399884,0.415862196424322,0.374393178484275,0.430865594308964,0.419408310581351,0.402329492596639,0.764101978110757
"389","2","shrubAmbWet1_bin.11.orig",0.628802082181219,0.535855716142139,0.482421163790328,0.555188217598552,0.540425031548721,0,0.738432856256284
"390","5","shrubAmbWet1_bin.12.strict",1.26048759014297,1.07416864454606,0.967054511128016,1.39115287287424,1.19166105118083,1.55882067222988,0.951590481167107
"391","1","shrubAmbWet1_bin.13.orig",1.08560180982008,0.925133602020564,0.832880970574386,0.958510397619951,0.933022343511077,0.895028535619177,0.849916656765991
"392","2","shrubAmbWet1_bin.14.orig",0.319672589977463,0.817260579223169,0,0,0.164845894521745,0,0.80444370916836
"393","5","shrubAmbWet1_bin.15.orig",1.24937877641676,1.19778961486283,0.718898816194049,0.827335495110974,1.12746977623728,1.1588119625415,0.524002228409063
"394","2","shrubAmbWet1_bin.16.orig",0.669308608842807,0.570374771450261,0.513498042011536,0.295476322436631,0.345143061354044,0.27590701241976,0.74857299034724
"395","5","shrubAmbWet1_bin.17.orig",1.07006459984172,1.09427162927482,0.492576431486147,0.850312916039606,0.993242370592096,1.32332823575475,0.89759206005861
"396","3","shrubAmbWet1_bin.18.orig",1.12452301416296,0.958301669393886,1.7254831578155,0.496437548135982,1.54635718329225,1.39067590556497,1.13192746944268
"397","1","shrubAmbWet1_bin.19.orig",1.08777996393194,0.695242344247477,0.834552064979662,0.960433555213233,0.747915489448478,0.896824323050126,0.760376724654892
"398","1","shrubAmbWet1_bin.2.orig",0.720456800734525,0.657816958366103,0.473776523129314,0.545239643612577,0.530741003250191,0.636410727775929,0.569800526426332
"399","2","shrubAmbWet1_bin.20.strict",0.589527650224004,0.753579950229875,0.452289556868353,0.520511643691728,0.608004664105421,0.243019155234483,1.58242510025461
"400","2","shrubAmbWet1_bin.21.orig",0.546673865513496,0.698800920040136,0.629117769855221,0.362006063914416,0.845711629939114,0,0.825410183794774
"401","5","shrubAmbWet1_bin.22.orig",0.456497694063528,1.75059223825244,1.05068425381387,0.604583258278567,1.17701318605892,1.129083773448,0.995590952907376
"402","5","shrubAmbWet1_bin.3.orig",1.14926698557168,0.839475523893813,0.755764559396666,1.08720245438371,0.931297231885437,1.21823682633157,0.881397613918562
"403","2","shrubAmbWet1_bin.4.permissive",0.864961289861429,1.10566058354832,0.6636040876981,0.381850132512375,1.18942795034083,0.356560310432908,0.967396281374057
"404","1","shrubAmbWet1_bin.5.orig",0.419148673106326,0.803682497585224,0.482360498822705,0.277559201048774,0.864571316054169,0.777529610150811,0.984453330066219
"405","3","shrubAmbWet1_bin.6.strict",0.934341298000188,1.59246331890096,0.716832894056341,0.824957955078693,0.963625483613145,0.38516061605324,1.35849060548562
"406","3","shrubAmbWet1_bin.7.orig",1.44534779375061,0.46188890294865,0.831660371961842,0.478552843669938,1.49064797812442,0,0.727432364673503
"407","1","shrubAmbWet1_bin.8.orig",0.577897831857048,0.554035361025872,0.332525311815091,0.574023744281442,0.596010343216279,0.893343867266295,0.872554526014655
"408","1","shrubAmbWet1_bin.9.strict",0.617364611841118,0.986454141057124,0.355234695026252,0.408817298999154,0.716303355278088,0.954353623517185,0.776787084394328
"409","1","shrubAmbWet2_bin.1.orig",0.518407515516353,0.441779119936858,0.397725713765967,0.686576315549487,0.623764723772319,0.641104567903413,0.753741423128192
"410","1","shrubAmbWet2_bin.10.strict",0.866986523508893,0.886599515374792,0.798189432600162,1.14823260683036,0.804743704266778,1.07218549865857,0.814515540622361
"411","1","shrubAmbWet2_bin.11.orig",0.694096531408696,0.665436001256617,0.399386626516264,0.689443475798571,0.715850949952097,0.643781836971641,0.727777948638362
"412","2","shrubAmbWet2_bin.12.orig",0.579948686188725,0.741335375716335,0.66741076737371,0.768081133574267,0.747656844446933,0.358605672889252,1.11888746987357
"413","1","shrubAmbWet2_bin.13.orig",0.49753703121289,0.635990408722076,0.458056486315514,0.395361330438274,0.513130869141859,0.615294442816821,0.484119309326504
"414","3","shrubAmbWet2_bin.14.orig",0.884085150325858,0.753404123146593,1.35655208274908,1.17087794249695,0.911794204496121,1.45777472053027,0.741588696108247
"415","2","shrubAmbWet2_bin.15.orig",0.353640131780192,0.904100470283088,0.813945224280591,0.46835921826141,0.547085915619511,0,1.24589040016268
"416","3","shrubAmbWet2_bin.16.orig",0.627269869455983,2.00456245277778,0.721868459906797,0.415376535771607,0.970394703633802,0.387866269855151,1.15756693542254
"417","1","shrubAmbWet2_bin.17.strict",0.940201240822829,1.20183812242923,0.432797208833803,0.498079124610091,0.872702180229709,0.930182981069775,0.788660019913429
"418","5","shrubAmbWet2_bin.18.strict",1.13082003171363,0.963667893432886,0.867572692896216,1.24804365241212,1.06907374433997,1.39846330562201,0.885317961027859
"419","5","shrubAmbWet2_bin.19.orig",0.743016423457995,1.42467180088169,0.855070755673713,0.984047227599376,1.14945613865033,2.29718517213101,1.30884046514963
"420","5","shrubAmbWet2_bin.2.permissive",1.24632235082646,1.59314585965444,0.717140133575033,1.23796730661558,1.28538466684877,1.54130279419099,0.73180846518857
"421","2","shrubAmbWet2_bin.20.orig",0.695387478901997,0.888898190852165,0.533505925574276,0.613978461414647,0.478121572270355,0.286657424158456,0.855514340350204
"422","2","shrubAmbWet2_bin.21.orig",0.582348530107038,0.744403042279277,0.446781687890242,0.514172983221905,0.500500446283109,0.240059728809804,0.716445914981231
"423","4","shrubAmbWet2_bin.22.orig",1.05314086277397,1.34620630372926,1.21196507228203,1.39477448084016,1.35768559007215,1.62799872099085,0.883396083459835
"424","1","shrubAmbWet2_bin.23.orig",0.714252901863298,0.913013437169858,0.547979604269515,0.945952963747809,0.736639062677904,0.588868517935139,0.679013925737415
"425","2","shrubAmbWet2_bin.24.strict",0,0,0,0.428119840371542,0,0.399765589135724,0.759232626640831
"426","1","shrubAmbWet2_bin.3.permissive",0.909948892359659,0.697900335045084,0.837742652732543,1.20513175283031,0.844621712650479,1.35037947712475,0.641158334560416
"427","3","shrubAmbWet2_bin.4.orig",0.580058407014045,0.741475629382219,1.33507407040089,0.768226447285455,0.598238635260096,0,0.827160243401392
"428","1","shrubAmbWet2_bin.5.orig",1.02190137439405,0.870849045065258,0.784009570394579,1.12783421582213,1.05392987360514,0.842510469674618,0.800045644556826
"429","2","shrubAmbWet2_bin.6.orig",0.332209887229574,0.424656435010656,0.382310471676579,0.439977109776289,0.770899569929807,0.410837555071748,0.863859777243779
"430","2","shrubAmbWet2_bin.7.orig",0.600426158579068,1.15126690290134,0.690976448075099,0.397600697692571,0.619244754216807,0.371267720309117,1.15839439146487
"431","2","shrubAmbWet2_bin.8.orig",0.291539111382487,0.372667896004873,0.335506134733989,0.386112938066086,0.375845686420197,0.360540791627312,0.709192001749516
"432","1","shrubAmbWet2_bin.9.orig",0.651795049068803,0.595124976569575,0.428624161540127,0.493276626579681,0.576191701548675,0.575758825672428,0.593602354603262
"433","1","shrubRedDry1_bin.1.orig",0.838511296242976,0.428740060385545,0.771973770789695,0.666312095125827,0.605354380204161,1.03697073474049,0.844032498847428
"434","3","shrubRedDry1_bin.10.orig",1.13613233854639,1.16183395409667,1.04597799628167,1.5046879754412,1.17174107205104,0.843019759764922,1.105492794576
"435","2","shrubRedDry1_bin.12.orig",0.592254931963262,0.504710782135141,0.45438194566273,0.522919642536859,0.712620328566984,0.488286828258112,1.55662603630674
"436","4","shrubRedDry1_bin.2.strict",1.68523628946944,1.29251981174564,1.55150946550442,2.23191849620806,1.91186058211279,1.66727935199678,1.07434409274016
"437","3","shrubRedDry1_bin.3.orig",1.27725444813924,1.63268566469091,0,1.69158939015221,0.658643119981711,1.5795559218724,1.28566456809494
"438","2","shrubRedDry1_bin.4.orig",0.347797235120538,0.444581391615194,0.400248548035706,0.460620915207054,0.538046877960447,0.430114127334484,0.758522518810402
"439","1","shrubRedDry1_bin.5.orig",0.516963145788622,0.881096499377749,0.793235167297622,0.684663399520542,0.62202681130524,0.852424458321339,0.578185672243747
"440","2","shrubRedDry1_bin.6.orig",0.55243405165696,0.941552048762555,0.423831099911897,0.487760592993365,0.759664634085634,0.455456352235303,1.48285752033031
"441","3","shrubRedDry1_bin.7.orig",1.07640617090836,1.37594582441049,0.825826014887533,0.950391292226136,1.11014296298988,0.887447156190004,2.16698759880108
"442","2","shrubRedDry1_bin.8.strict",0.563591180008685,0.720425943074192,0.432390923418405,0.4976115562434,0.678131173249825,0.46465488908374,1.35522183364111
"443","2","shrubRedDry1_bin.9.orig",0.195418160705745,0.499597288652002,0,0,0.201542969383793,0,0.655682991350915
"444","3","shrubRedDry2_bin.1.orig",0.783585746831122,1.00164005517547,1.80351668018255,0.518888518080748,1.21221741325998,0.969045367980574,1.18311793577934
"445","4","shrubRedDry2_bin.10.orig",1.01654455597062,1.7325680892801,1.55979956693189,1.34630651551227,1.22313935500279,1.67618804075653,0.625312125702195
"446","1","shrubRedDry2_bin.11.orig",1.0434027734005,0.889172215247345,0.800505587544883,0.460625801358796,0.896754309045811,0.860237379755665,1.05027309003881
"447","1","shrubRedDry2_bin.12.orig",1.21034269990803,0.773576940124198,0.928583015897971,1.06864787074879,1.04023111614642,0.748403727197808,0.710682138521015
"448","5","shrubRedDry2_bin.13.orig",1.37895590195323,0.881344174075854,1.05794419243685,1.21752152393761,1.06663142050846,1.42110678893071,0.925357118773774
"449","5","shrubRedDry2_bin.14.strict",0.726664194374406,0.928878513539483,1.11500326181755,0.962390417350301,0.999252467632733,1.79730316556566,0.812721040450373
"450","5","shrubRedDry2_bin.15.orig",1.00062176025225,1.27907231493434,0.575762781057029,0.993913833494986,1.16098122646752,1.23744961645147,1.04917748337009
"451","1","shrubRedDry2_bin.16.orig",0.78437613002646,0.751987788192263,0.451333960501659,0.519411907852196,0.910080109811334,0.970022819621915,0.78954087801659
"452","5","shrubRedDry2_bin.17.orig",1.07035356538598,1.3682089147565,1.64236483088432,0.945047265278677,1.28788409903105,1.76491412515414,1.13725697033443
"453","1","shrubRedDry2_bin.18.strict",0.608205858290494,1.03660784527164,0.933239206087854,1.07400638759329,0.836357714375454,0.501437630056055,0.680234008754776
"454","1","shrubRedDry2_bin.19.orig",0.557938114853753,0.475466504596894,0.428053854015639,0.492620295469504,0.959041745778365,1.14998549511087,0.904819131926267
"455","5","shrubRedDry2_bin.2.orig",0.9781005588993,1.25028396923381,1.50081058348716,1.29539147845319,1.00875625010791,1.61279744193688,1.14863103968813
"456","2","shrubRedDry2_bin.20.orig",0.463426903125453,0.592388198347891,0.35554422014954,0.204586756011478,0.318634439470473,0.191037035273387,0.751548454987989
"457","2","shrubRedDry2_bin.21.orig",0.688884748984621,0.660439422972818,0.396387740761478,0.456177754603921,0.799285296943098,0,0.895668444379029
"458","2","shrubRedDry2_bin.22.orig",0.758301939072612,0.387728132709925,0.349064592168232,0.602574772725588,0.547448081369556,0,0.636079167313175
"459","5","shrubRedDry2_bin.23.orig",0.801945677984842,1.36681219023005,0.615258088726516,0.708061891313765,0.964927030061239,1.32233432059561,0.807226113186797
"460","4","shrubRedDry2_bin.24.orig",1.60967163976142,1.17577548128519,0.529264649933562,1.21819488732981,1.66012207278368,1.99064984628501,0.732979543850149
"461","1","shrubRedDry2_bin.25.orig",1.20739798871979,0.771694861047978,0.694742860331885,0.799535922691443,1.08958529300097,0.746582893454628,0.810232091158551
"462","2","shrubRedDry2_bin.26.orig",0.469898610634436,0.600660836655304,0.540764036163906,0.311165682513178,0.605782754239421,0,0.867153232058089
"463","2","shrubRedDry2_bin.27.orig",0.324714475352676,0.415075218409537,0.747369352956713,0.430050223849798,0.418614621896773,0.401568123883409,0.817131418717447
"464","5","shrubRedDry2_bin.3.orig",0.485124911844567,1.2402485507989,1.11657323275985,1.28499400408482,1.25082432080646,1.79983384313502,1.22079807818909
"465","2","shrubRedDry2_bin.4.strict",0.693896774059523,0.886992656344034,0.532362246847132,0.612662273399511,0.596370776495933,0.572085831047292,1.7461643950886
"466","3","shrubRedDry2_bin.5.orig",1.10344045389651,0.940335427312584,0.846566897640561,1.46139100724634,0.758683037486881,0.454867836742842,0.987294302604636
"467","4","shrubRedDry2_bin.6.orig",1.90319012686047,0.810935059920455,1.46014019662499,1.68038364411508,1.3085600235724,1.9613654113785,1.17071884046069
"468","1","shrubRedDry2_bin.8.orig",0.859605227043913,0.659288429270745,0.79139385657046,0.910765483826825,0.797892326882646,1.06305719179744,0.894107500706125
"469","3","shrubRedDry2_bin.9.orig",1.14483005971214,0.975607029448893,0.878321280096069,0.50540239792149,1.18071139775816,0,1.21638868441244
"470","4","shrubRedWet1_bin.1.orig",1.44364706371066,1.84538160679522,1.66136352672828,1.43396920225354,1.67500568665479,0.892665228882136,1.39260476743281
"471","5","shrubRedWet1_bin.10.orig",1.0613648704059,1.35671886791451,0.610714671392998,1.05424973649994,1.23145901670453,1.31256944828758,0.93480927663106
"472","2","shrubRedWet1_bin.11.strict",0.565278847901356,0.963444334698902,0.433685713515235,0.499101648842934,0.582995854246308,0.466046293288232,1.51733584883123
"473","2","shrubRedWet1_bin.13.strict",0.550224846719027,0.703340059534466,0.422136183105146,0.485810019694456,0.567470029581722,0.453634964832855,1.5692354860623
"474","1","shrubRedWet1_bin.16.orig",1.08738779109286,0.463327794255265,0.834251187354099,0.720065470538574,0.841101577370295,1.12062624332917,0.577677967761508
"475","4","shrubRedWet1_bin.17.orig",1.98292819813722,2.02778605182487,1.82557893397495,1.57570810089841,1.2270463574648,1.47134941635716,0.931459595694911
"476","3","shrubRedWet1_bin.18.orig",1.12186273879801,0.717025966930407,1.29105089677796,1.11434204178493,1.15702423358106,1.04053949577822,0.799885188169202
"477","3","shrubRedWet1_bin.19.orig",1.37652439148335,1.75958020294736,0.792059041004165,1.82306200562562,1.06475063123682,0.851160572326428,1.1546567977814
"478","2","shrubRedWet1_bin.2.orig",0.347400823415977,0.444074667439526,0.399792353468434,0.460095909532152,0.447861353217953,0.429623892631171,0.786798662590791
"479","2","shrubRedWet1_bin.20.strict",0.657996800588496,0.841102526828869,0.504819547049037,0.580965110098022,0.678619779025185,0.271243980778933,1.58223134473073
"480","3","shrubRedWet1_bin.21.orig",1.34428925809531,1.71837475617148,1.03134771136823,1.78036995651294,0.92428137285639,0.554152192469651,1.12761730896146
"481","1","shrubRedWet1_bin.23.orig",1.48298737607469,0.758267777688974,0.682654701177785,0.392812209775783,1.2235738101448,0.733592745080169,0.796134480331712
"482","1","shrubRedWet1_bin.24.orig",0.960460337703426,0.736640922483584,0.442122957623225,0.508811543162153,0.990563147954231,0.950226208319384,1.03123681856376
"483","1","shrubRedWet1_bin.25.orig",0.643539377982597,0.587587091664244,0.423195184897343,0.487028758343534,0.568893626521279,0.568466233474124,0.586083755309508
"484","4","shrubRedWet1_bin.26.orig",1.99602963082701,0.510295966367119,0.918820371068078,1.05741265598422,2.05858932108496,1.97476105294371,1.07155869193666
"485","4","shrubRedWet1_bin.27.strict",1.09790259525342,1.87123229424765,1.68463643088869,1.93874226001656,1.50975083954955,1.35775494733886,0.982339348970622
"486","3","shrubRedWet1_bin.29.orig",0.834440414725872,0.711097623054643,1.28037653625238,1.10512870346302,1.14745800049382,1.03193635414628,0.933260902766361
"487","5","shrubRedWet1_bin.30.permissive",1.44089526296911,1.2279093611551,1.10546448454857,1.27220964348441,1.48605589583414,1.48493946575309,0.805768267079982
"488","5","shrubRedWet1_bin.31.strict",1.13809182479219,1.45479720986461,0.873151661190384,0.502427703068387,1.17376197264195,1.40745619175883,1.01829833271966
"489","1","shrubRedWet1_bin.32.orig",0.405152157875303,1.03579380153309,0.932506337302666,0.804872231203719,0.626775694660698,0.501043853214716,0.713684815070399
"490","4","shrubRedWet1_bin.4.orig",1.57628122870328,1.20895492799005,1.45120020374117,1.6700951678063,1.13797959610627,0.779742627778469,1.16355088622803
"491","2","shrubRedWet1_bin.5.permissive",0.425075152084083,0.815046024973802,0.489180750297647,0.281483700577564,0.438397885093669,0.262841117795048,0.606154935451597
"492","1","shrubRedWet1_bin.6.orig",0.53570630815063,1.02717200681068,0.616496194791622,0.709486749821387,0.828744675052605,0.993746476267694,1.34808420573051
"493","4","shrubRedWet1_bin.7.orig",1.4627593537541,1.49584993420607,1.3466865135091,1.54981692599224,1.05602367666024,1.08537975476817,0.78527516601916
"494","3","shrubRedWet1_bin.8.orig",1.11776576125759,1.07161114463897,1.28633605391465,0.740181686262026,1.15279884830462,0.691159670664218,0.843844292403214
"495","1","shrubRedWet1_bin.9.orig",0.900234833005176,0.767166640833516,0.690666185958629,0.794844334202175,0.773708376315248,1.11330304123876,0.906162456075819
"496","1","shrubRedWet2_bin.1.strict",0.60801941380253,1.03629007487154,0.932953123171099,1.07367715273264,0.522563331448653,0.751925872784653,0.8160305809894
"497","2","shrubRedWet2_bin.10.orig",0.764641068069406,0.977423497948763,0.879956613678034,0.506343399275387,0.788606498060096,0,1.15451380493443
"498","1","shrubRedWet2_bin.13.orig",0.715171087662446,0.685640350085865,0.411513031917586,0.473584502209355,0.737586026315968,0.663328709667959,0.869855184862817
"499","4","shrubRedWet2_bin.14.strict",1.96706461716963,1.6763030037606,0.754572566437735,1.73678034735395,1.69059707007443,1.21631542144265,1.10000934040484
"500","5","shrubRedWet2_bin.15.strict",0.780685572428833,1.66322137899316,0.598947193525505,0.689290706478221,0.805153870316656,1.28727837103698,1.04776802644339
"501","1","shrubRedWet2_bin.16.orig",0.805070276662569,0.686068831307466,0.617655301733917,0.710820693200329,1.24545426230006,0.663743247546025,0.81037128587758
"502","2","shrubRedWet2_bin.17.orig",0.359305109190674,0.459291648489031,0.413491924987663,0.475861885953806,0.463208091558191,0.444345693066846,0.84389891689538
"503","4","shrubRedWet2_bin.18.orig",1.07563841267557,1.03122331223319,1.23785547845319,1.78071265397915,1.24802003433231,1.33022126249813,0.766927364970567
"504","1","shrubRedWet2_bin.19.orig",0.668533969740361,0.854571953414729,1.02580746742045,0.885403039164717,0.804401738952708,0.551175370689145,0.560779959646523
"505","5","shrubRedWet2_bin.2.orig",1.33865904443703,0.427794445136847,0.770271130339915,0.88645666487987,1.2080384602163,0.827746900427338,0.954460385056706
"506","3","shrubRedWet2_bin.20.orig",1.18864897165964,1.51942327482639,0.911939442466669,1.04949382743278,0.817269123258898,0,1.72824262897928
"507","1","shrubRedWet2_bin.21.strict",0.665608755091625,0.85083271725071,1.02131897892727,0.88152889954365,1.0297054618507,1.09752733272192,0.781656721724798
"508","1","shrubRedWet2_bin.22.orig",1.30428240836272,0.66689395960051,0.600392513177705,0.690954034088602,0.94161291858949,1.29038470285992,0.700197597188008
"509","5","shrubRedWet2_bin.23.orig",1.27303610078871,1.30183475683784,1.17201817492569,1.34880210564914,1.31293568089641,2.51894267700552,0.555281326127944
"510","1","shrubRedWet2_bin.24.orig",0.623469751974259,0.597725532234244,0.358747623288888,0.619290161246036,0.643010581412021,0.963791259715292,0.915213552058233
"511","4","shrubRedWet2_bin.25.orig",1.41184187985813,1.80472575485081,1.62476180201195,1.40237723267662,1.63810340966671,1.30949820060888,1.18428182897213
"512","5","shrubRedWet2_bin.26.strict",0.868173577812216,0.832325084298456,0.999102864753578,1.14980473560076,1.11922991305485,1.07365350580243,0.983126354167264
"513","4","shrubRedWet2_bin.27.orig",1.06463996286139,1.0206790087636,1.22519835204664,1.41000383136818,1.37250997210816,1.64577461488747,0.89304176367187
"514","5","shrubRedWet2_bin.28.orig",1.08388798155521,0.92367310324322,0.831566110065007,0.95699720724319,1.30416914720364,1.34042334509468,1.03041238123841
"515","2","shrubRedWet2_bin.29.orig",0.441907125858216,1.12975990111381,0,0,0.227878703841224,0,0.667225314735383
"516","2","shrubRedWet2_bin.3.orig",0.574666869122218,0.734583747628002,0.440888266196592,0.507390614347482,0.691457801343961,0.473786283042913,1.54253541396777
"517","2","shrubRedWet2_bin.30.orig",0,1.8424958387578,0,0,0,0,1.9345071889689
"518","3","shrubRedWet2_bin.31.orig",0.810172535031941,1.55343802380175,1.86470936545863,0.536494222607454,0.835565015215757,1.00192473575835,1.15530178197713
"519","1","shrubRedWet2_bin.32.orig",0.872655454461178,1.11549586128964,0.669507102248765,0.770493673715805,1.05000732475533,1.079196156143,0.976001644769301
"520","1","shrubRedWet2_bin.33.orig",0.608635345426991,0.778004887710929,0.466949108448081,0.537382400870782,0.836948311909066,0.752687583535633,0.646678640930339
"521","1","shrubRedWet2_bin.34.strict",0.672951152225316,0.57347889236227,1.03258525132242,0.891253133511072,0.925390441228986,1.38704283391736,0.790279255652154
"522","1","shrubRedWet2_bin.35.orig",0.569191605938256,0.727584841713924,0.327515705741512,0.565375882799759,0.880546869299388,0.703908272270764,0.572939465020441
"523","1","shrubRedWet2_bin.36.strict",0.735712309627589,0.626963010654379,0.564443405457941,0.974373695846969,0.885232894692231,1.81968242453128,0.82284069915877
"524","1","shrubRedWet2_bin.37.orig",0.67984920519424,0.869035964673459,0.39118864353237,0.67529166022013,0.701157083114589,1.47132368128856,0.855407115668209
"525","6","shrubRedWet2_bin.38.strict",2.28598626567324,1.46106244181902,2.63073593252741,4.54132313104889,2.35763379560254,1.41351754481012,1.72577880774429
"526","2","shrubRedWet2_bin.4.orig",0.374065563758443,0.717239408904792,0.430478404213265,0.247705279005655,0.482236938674417,0,0.847189371609523
"527","1","shrubRedWet2_bin.5.orig",1.05071115617488,0.671550232186204,0.806112627698455,1.15963049133067,0.99333906231695,0.649697102770434,1.05762959507724
"528","2","shrubRedWet2_bin.6.orig",0.555876127456368,0.710563964732403,0.639707825236201,0.368099778714407,0.573298433126775,0.343720638526792,1.16570064661229
"529","4","shrubRedWet2_bin.7.orig",1.56397169126741,1.19951392490419,1.43986745238335,2.07131627006709,1.45169081418369,1.54730688168278,1.10198879661508
"530","5","shrubRedWet2_bin.8.orig",1.55261787975262,0.992338276334807,0.595589411753941,1.02813966949828,1.20096009759386,0.960046281279768,1.17213085381893
"531","5","shrubRedWet2_bin.9.orig",1.02867907284564,1.31493734725247,1.18381419897859,1.02178305663705,0.795689999341179,1.27214755336082,1.16488399594401
