"","nguilds","my_vec"
"1",2,0.320990577288664
"2",4,0.55595120489451
"3",6,0.667893923451282
"4",8,0.717252970958937
"5",10,0.749062926026446
"6",12,0.765575972373578
"7",14,0.781671828516023
"8",16,0.792561882121179
"9",18,0.802772731638551
"10",20,0.813073730194845
"11",22,0.820241117453484
"12",24,0.827475709501477
"13",26,0.83346717534835
"14",28,0.838668362279974
"15",30,0.846178391530032
"16",32,0.850511610196262
"17",34,0.854903840215251
"18",36,0.858878637179463
"19",38,0.862415401719695
"20",40,0.866368038590377
"21",42,0.870248422672583
"22",44,0.873513060295476
"23",46,0.876654196604806
"24",48,0.879811631359657
"25",50,0.88279649863906
"26",52,0.885971867715061
"27",54,0.888871918606999
"28",56,0.891410499635669
"29",58,0.894071100066495
"30",60,0.896870383599569
"31",62,0.899766857683628
"32",64,0.901922733385758
"33",66,0.903831813605618
"34",68,0.905997529082065
"35",70,0.907778673662285
"36",72,0.90964404963723
"37",74,0.91144480912346
"38",76,0.91306529326799
"39",78,0.914870725644012
"40",80,0.916460965595327
"41",82,0.918023992514366
"42",84,0.919658699261669
"43",86,0.921127569227077
"44",88,0.922616870844949
"45",90,0.923985367820609
"46",92,0.925284976632604
"47",94,0.926731522631863
"48",96,0.928038440190374
"49",98,0.929114707847061
"50",100,0.930319684011505
"51",102,0.931567586832895
"52",104,0.932830912661515
"53",106,0.933956642074959
"54",108,0.935079320638117
"55",110,0.936161197129911
"56",112,0.937182531774634
"57",114,0.93833600501523
"58",116,0.939334854554593
"59",118,0.940389886790752
"60",120,0.941345163354034
"61",122,0.94223664831949
"62",124,0.943161761416245
"63",126,0.944059523542965
"64",128,0.94499434745863
"65",130,0.945949224958495
"66",132,0.946870564090097
"67",134,0.947669484916645
"68",136,0.948503819400752
"69",138,0.949324489692684
"70",140,0.95014906649748
"71",142,0.951005950438684
"72",144,0.951811691432296
"73",146,0.952645656380702
"74",148,0.953412679529893
"75",150,0.954134907705688
"76",152,0.9548870744456
"77",154,0.955588754683236
"78",156,0.956353378170076
"79",158,0.957044829222463
"80",160,0.957697698474613
"81",162,0.958428740367849
"82",164,0.959156437848206
"83",166,0.959840364770094
"84",168,0.960528831808248
"85",170,0.961162544117461
"86",172,0.961849962131828
"87",174,0.962504438634773
"88",176,0.963190511888104
"89",178,0.963852011989221
"90",180,0.964508619590063
"91",182,0.965164038224285
"92",184,0.965800815656853
"93",186,0.966433248265049
"94",188,0.967039266342282
"95",190,0.967654566966976
"96",192,0.968250065672478
"97",194,0.968827805705966
"98",196,0.969396828380181
"99",198,0.969943536440454
"100",200,0.97047975071173
"101",202,0.97102159406249
"102",204,0.971540027365657
"103",206,0.97203525689825
"104",208,0.972552646496334
"105",210,0.973051278631206
"106",212,0.973548336079708
"107",214,0.974042467669668
"108",216,0.974512250819416
"109",218,0.974962019309864
"110",220,0.97544421760597
"111",222,0.975904952581909
"112",224,0.976364762440457
"113",226,0.976822175656357
"114",228,0.977269444571377
"115",230,0.977717189843583
"116",232,0.978140732917124
"117",234,0.978568559191739
"118",236,0.97900165406552
"119",238,0.979428485085003
"120",240,0.979850848436107
"121",242,0.98026483545159
"122",244,0.980666981076287
"123",246,0.981078427929852
"124",248,0.981490344649371
"125",250,0.981893512348296
"126",252,0.982273987316367
"127",254,0.982666693617367
"128",256,0.983062119964812
"129",258,0.983455053636326
"130",260,0.983835445186557
"131",262,0.984209642447434
"132",264,0.98458613323102
"133",266,0.984944621087741
"134",268,0.985311487089297
"135",270,0.98567434495464
"136",272,0.986014828485164
"137",274,0.98636685038308
"138",276,0.986710993679766
"139",278,0.987045560395351
"140",280,0.987357435573032
"141",282,0.987672882007987
"142",284,0.987988319026593
"143",286,0.988301521568127
"144",288,0.98861388626813
"145",290,0.988919731844664
"146",292,0.989200525247608
"147",294,0.989503006643622
"148",296,0.989799422310789
"149",298,0.990088919845059
"150",300,0.990363866709151
"151",302,0.990640279699232
"152",304,0.990911466644203
"153",306,0.991179414882159
"154",308,0.991445704494032
"155",310,0.991707004830808
"156",312,0.991961013482287
"157",314,0.992212042576297
"158",316,0.992457544700987
"159",318,0.992699585248178
"160",320,0.992940915031174
"161",322,0.993179453039149
"162",324,0.993413816774093
"163",326,0.993642064653464
"164",328,0.993867291154914
"165",330,0.99408906170515
"166",332,0.994309456883524
"167",334,0.994526940194718
"168",336,0.994734548346049
"169",338,0.994936348103564
"170",340,0.9951329275689
"171",342,0.995326541850972
"172",344,0.995519019488136
"173",346,0.995708545501157
"174",348,0.995898561254115
"175",350,0.996083080944736
"176",352,0.996264864481714
"177",354,0.996435839263274
"178",356,0.996609838846977
"179",358,0.996782034519832
"180",360,0.996949648471567
"181",362,0.997114852093551
"182",364,0.99727782007495
"183",366,0.997436978788711
"184",368,0.997589710415657
"185",370,0.997733531016982
"186",372,0.997874036955874
"187",374,0.998021089137372
"188",376,0.998158624376494
"189",378,0.998292975972623
"190",380,0.998426201831624
"191",382,0.99855501831658
"192",384,0.998683006131805
"193",386,0.998808129658445
"194",388,0.998927672578256
"195",390,0.999044825833781
"196",392,0.99915039631101
"197",394,0.999249302840778
"198",396,0.999346701963464
"199",398,0.999440340566037
"200",400,0.99953328038373
"201",402,0.999618200681202
"202",404,0.999699228036909
"203",406,0.999768877900912
"204",408,0.999834552983763
"205",410,0.999890465733585
"206",412,0.999931101629954
"207",414,0.999966682119338
"208",416,0.999990494830119
